user_id,first_name,last_name,gender,date_of_birth,registration_date,city_id,user_type,status,signup_channel,updated_at
1,Daniel,Figueroa,Male,1999-04-12,2024-08-12,4,Occasional,Active,Organic,2024-08-12T00:00:00
2,Jeffrey,Doyle,Male,1972-06-05,2025-01-18,10,Premium,Active,App Store,2025-01-18T00:00:00
3,Joy,Gardner,Female,2001-10-24,2025-03-21,1,Business,Active,Referral,2025-03-21T00:00:00
4,Robert,Johnson,Female,1995-12-12,2025-01-08,6,Frequent,Suspended,Organic,2025-01-08T00:00:00
5,Jesse,Guzman,Male,1970-08-23,2025-08-15,7,Occasional,Active,Social,2025-08-15T00:00:00
6,James,Santos,Female,1993-12-15,2024-08-23,2,Frequent,Active,Google Ads,2024-08-23T00:00:00
7,Robert,Cole,Female,1992-11-05,2024-01-04,1,Regular,Active,Social,2024-01-04T00:00:00
8,Lisa,Smith,Male,1974-09-11,2025-06-07,2,Business,Inactive,Referral,2025-06-07T00:00:00
9,Helen,Peterson,Male,1966-08-18,2025-11-30,1,Occasional,Active,Partner,2025-11-30T00:00:00
10,Jason,Gallagher,Male,1966-05-06,2024-05-02,4,Regular,Active,Referral,2024-05-02T00:00:00
11,Christopher,Davis,Female,1962-09-20,2025-10-12,6,Business,Active,Partner,2025-10-12T00:00:00
12,Cassandra,Roman,Female,1979-03-04,2024-02-29,2,Regular,Active,Partner,2024-02-29T00:00:00
13,Stephen,Martinez,Female,2005-06-03,2025-11-13,2,Frequent,Active,Referral,2025-11-13T00:00:00
14,Christian,Carter,Female,1981-07-10,2025-11-04,1,Regular,Active,Social,2025-11-04T00:00:00
15,Christine,Hensley,Female,1998-07-17,2025-05-22,9,Frequent,Suspended,Organic,2025-05-22T00:00:00
16,James,Jones,Male,1995-01-20,2025-06-01,1,Frequent,Active,Partner,2025-06-01T00:00:00
17,Jeremy,Roberts,Male,2000-10-05,2024-07-20,5,Premium,Active,Partner,2024-07-20T00:00:00
18,Melissa,Delacruz,Male,1961-03-12,2025-10-16,3,Business,Active,Social,2025-10-16T00:00:00
19,Joshua,Reid,Male,1981-08-19,2024-03-20,2,Occasional,Active,Google Ads,2024-03-20T00:00:00
20,Francisco,Kelly,Male,1980-08-03,2025-11-28,5,Premium,Active,Partner,2025-11-28T00:00:00
21,Joseph,Zuniga,Male,2001-05-15,2024-09-07,9,Premium,Active,Organic,2024-09-07T00:00:00
22,Charles,Reid,Male,1999-11-12,2025-02-23,1,Regular,Active,Organic,2025-02-23T00:00:00
23,Jessica,Martin,Female,1992-02-11,2025-05-12,6,Regular,Active,Organic,2025-05-12T00:00:00
24,Joseph,Schaefer,Female,1981-08-02,2025-07-16,8,Regular,Active,App Store,2025-07-16T00:00:00
25,Angela,Cohen,Male,2002-08-05,2025-01-11,4,Regular,Active,Organic,2025-01-11T00:00:00
26,Kimberly,Perez,Male,2008-01-18,2025-10-27,1,Regular,Active,App Store,2025-10-27T00:00:00
27,Linda,Morales,Male,1957-12-12,2024-03-06,8,Regular,Inactive,Social,2024-03-06T00:00:00
28,Jason,Hahn,Female,1960-04-08,2025-07-15,5,Occasional,Active,Social,2025-07-15T00:00:00
29,Leonard,Rios,Male,2004-08-13,2025-03-08,8,Regular,Active,Partner,2025-03-08T00:00:00
30,Nicole,Day,Male,1982-09-08,2025-08-07,1,Frequent,Active,App Store,2025-08-07T00:00:00
31,Joseph,Wright,Male,1965-06-27,2024-10-30,2,Frequent,Active,App Store,2024-10-30T00:00:00
32,Amber,Burgess,Male,1993-12-18,2025-05-31,9,Frequent,Active,Referral,2025-05-31T00:00:00
33,Rachael,Ross,Male,1984-12-01,2025-04-15,8,Frequent,Active,Social,2025-04-15T00:00:00
34,Wendy,Taylor,Female,1970-09-09,2024-12-08,2,Premium,Active,Google Ads,2024-12-08T00:00:00
35,Christopher,Williams,Female,1989-05-07,2024-05-03,1,Regular,Active,Partner,2024-05-03T00:00:00
36,Eric,Moore,Male,1963-03-24,2025-10-29,9,Regular,Active,Google Ads,2025-10-29T00:00:00
37,Robert,Brown,Female,2002-01-26,2025-05-22,7,Occasional,Active,Organic,2025-05-22T00:00:00
38,Caitlin,Mcdonald,Female,1981-09-25,2025-11-29,1,Occasional,Active,Partner,2025-11-29T00:00:00
39,Tasha,Valencia,Female,1972-11-14,2024-12-30,3,Regular,Active,Google Ads,2024-12-30T00:00:00
40,Erin,Wilson,Male,1956-07-18,2025-04-21,5,Student,Active,Google Ads,2025-04-21T00:00:00
41,Karen,Mack,Male,1992-04-21,2024-04-07,5,Regular,Active,Social,2024-04-07T00:00:00
42,Daniel,Graham,Male,1978-11-30,2025-05-25,9,Premium,Active,App Store,2025-05-25T00:00:00
43,Aaron,Bowen,Male,1986-08-22,2025-07-26,1,Regular,Active,Partner,2025-07-26T00:00:00
44,Jose,Mason,Male,2004-09-26,2025-11-04,6,Occasional,Active,Organic,2025-11-04T00:00:00
45,William,Rodriguez,Male,1967-12-03,2024-05-03,2,Occasional,Active,Google Ads,2024-05-03T00:00:00
46,Kenneth,Fowler,Male,1998-04-25,2025-04-01,8,Student,Suspended,Social,2025-04-01T00:00:00
47,James,Brooks,Female,1997-03-16,2025-09-07,1,Regular,Active,Google Ads,2025-09-07T00:00:00
48,Amber,Osborne,Male,1966-10-04,2024-03-08,3,Premium,Active,App Store,2024-03-08T00:00:00
49,Samantha,George,Male,1991-11-09,2024-01-09,10,Occasional,Active,Referral,2024-01-09T00:00:00
50,Andrew,Hickman,Male,1989-01-05,2024-01-31,10,Regular,Inactive,Social,2024-01-31T00:00:00
51,John,Allen,Female,1976-09-09,2024-01-17,1,Student,Active,Google Ads,2024-01-17T00:00:00
52,Stacey,Miller,Male,1994-05-16,2024-06-21,9,Regular,Active,Referral,2024-06-21T00:00:00
53,Lisa,Spence,Male,1988-11-01,2024-07-21,5,Regular,Active,Google Ads,2024-07-21T00:00:00
54,Katie,Anderson,Male,1992-01-06,2025-11-18,7,Regular,Inactive,Partner,2025-11-18T00:00:00
55,Stacey,Martin,Female,1988-02-09,2025-11-09,1,Premium,Active,Social,2025-11-09T00:00:00
56,Monique,Henderson,Female,1991-09-03,2024-11-15,5,Regular,Active,Referral,2024-11-15T00:00:00
57,Sarah,Campos,Male,1970-03-06,2024-03-01,2,Regular,Active,Social,2024-03-01T00:00:00
58,James,Collins,Male,2002-09-16,2024-03-11,5,Occasional,Active,Partner,2024-03-11T00:00:00
59,Debra,Kim,Male,2001-06-21,2024-01-04,1,Occasional,Active,Organic,2024-01-04T00:00:00
60,Shannon,Wright,Female,1990-12-26,2025-06-23,5,Occasional,Active,Referral,2025-06-23T00:00:00
61,Matthew,Chapman,Male,1960-02-14,2025-09-03,4,Regular,Inactive,Google Ads,2025-09-03T00:00:00
62,Brianna,Smith,Male,1971-06-04,2025-01-11,4,Student,Inactive,Partner,2025-01-11T00:00:00
63,Crystal,Perez,Male,2003-12-07,2025-04-29,2,Frequent,Active,App Store,2025-04-29T00:00:00
64,Michele,Jones,Female,1957-11-25,2024-03-06,3,Frequent,Active,Referral,2024-03-06T00:00:00
65,Joshua,Washington,Male,1971-12-17,2024-04-17,1,Regular,Active,App Store,2024-04-17T00:00:00
66,David,Walls,Female,1992-06-16,2024-07-28,4,Frequent,Active,App Store,2024-07-28T00:00:00
67,Barbara,Sanchez,Male,1994-08-16,2025-02-17,7,Student,Active,Partner,2025-02-17T00:00:00
68,Lindsey,Lee,Male,1987-12-13,2024-08-28,4,Frequent,Active,Google Ads,2024-08-28T00:00:00
69,Donna,Gomez,Male,1962-05-12,2025-07-20,4,Occasional,Inactive,Partner,2025-07-20T00:00:00
70,Stuart,Daniel,Male,1983-09-28,2024-07-07,1,Regular,Inactive,Partner,2024-07-07T00:00:00
71,Denise,Lucas,Male,2001-08-02,2024-02-09,2,Premium,Active,Organic,2024-02-09T00:00:00
72,Richard,Morgan,Male,1959-11-21,2024-12-07,7,Regular,Active,Referral,2024-12-07T00:00:00
73,John,Lee,Female,1963-03-14,2025-05-10,1,Frequent,Active,Social,2025-05-10T00:00:00
74,Donald,White,Female,1986-04-17,2024-12-22,2,Occasional,Suspended,App Store,2024-12-22T00:00:00
75,John,Leblanc,Female,1987-03-31,2025-06-24,1,Student,Active,Partner,2025-06-24T00:00:00
76,Lindsey,Chase,Male,1985-12-02,2025-04-18,8,Business,Active,Referral,2025-04-18T00:00:00
77,Brent,Kidd,Other,1962-06-05,2025-10-07,1,Business,Inactive,Social,2025-10-07T00:00:00
78,Tanya,House,Female,1956-10-07,2024-12-18,3,Frequent,Active,App Store,2024-12-18T00:00:00
79,Gabriel,Tucker,Female,1971-11-07,2024-12-02,1,Regular,Active,App Store,2024-12-02T00:00:00
80,Michelle,Barrera,Female,1970-04-23,2025-03-19,3,Regular,Active,Referral,2025-03-19T00:00:00
81,Nicholas,Galloway,Female,1966-12-20,2024-01-10,5,Regular,Inactive,Organic,2024-01-10T00:00:00
82,Sara,Glover,Male,1973-10-23,2024-10-12,4,Student,Active,Partner,2024-10-12T00:00:00
83,Rodney,Bernard,Female,1975-03-05,2025-09-09,8,Premium,Active,App Store,2025-09-09T00:00:00
84,Dorothy,Tucker,Female,1993-08-01,2024-09-16,2,Occasional,Active,Google Ads,2024-09-16T00:00:00
85,Kenneth,Novak,Male,1968-09-07,2025-02-12,9,Business,Active,App Store,2025-02-12T00:00:00
86,Jill,Brown,Male,1995-03-06,2025-03-16,1,Regular,Active,Google Ads,2025-03-16T00:00:00
87,Brian,Silva,Female,1977-02-07,2025-03-02,1,Frequent,Active,Social,2025-03-02T00:00:00
88,Samantha,Schmidt,Other,1989-12-25,2024-10-18,5,Student,Active,Referral,2024-10-18T00:00:00
89,Susan,Miller,Female,1959-08-20,2025-09-08,10,Student,Inactive,App Store,2025-09-08T00:00:00
90,Casey,Jones,Female,1968-05-29,2025-03-12,3,Occasional,Active,Partner,2025-03-12T00:00:00
91,Richard,David,Other,1971-10-09,2025-03-31,2,Student,Suspended,Google Ads,2025-03-31T00:00:00
92,John,Wheeler,Male,1994-07-13,2025-07-29,1,Student,Active,Partner,2025-07-29T00:00:00
93,Christopher,Sandoval,Male,1997-11-29,2024-12-22,10,Frequent,Suspended,Partner,2024-12-22T00:00:00
94,Alexandra,Donovan,Female,1994-03-24,2024-06-18,7,Premium,Active,App Store,2024-06-18T00:00:00
95,Elizabeth,Edwards,Male,1969-08-30,2024-07-05,1,Premium,Active,Social,2024-07-05T00:00:00
96,Randy,Powers,Female,1973-11-02,2024-09-15,8,Student,Active,Organic,2024-09-15T00:00:00
97,Stephen,Hickman,Male,1976-03-06,2025-06-02,5,Premium,Active,Partner,2025-06-02T00:00:00
98,Albert,Howell,Female,1960-09-13,2024-06-12,1,Regular,Active,Social,2024-06-12T00:00:00
99,Wendy,Jones,Male,1994-01-28,2025-06-16,8,Occasional,Active,App Store,2025-06-16T00:00:00
100,William,Anderson,Female,1970-04-08,2025-01-02,2,Occasional,Active,App Store,2025-01-02T00:00:00
101,Nicole,Suarez,Male,1979-07-07,2024-03-21,2,Occasional,Active,Referral,2024-03-21T00:00:00
102,Justin,Kim,Male,1980-11-28,2024-11-11,3,Premium,Suspended,Partner,2024-11-11T00:00:00
103,Jade,Carr,Female,1992-09-23,2025-01-09,5,Business,Suspended,Organic,2025-01-09T00:00:00
104,Allison,Contreras,Male,2000-04-07,2024-02-12,2,Occasional,Active,App Store,2024-02-12T00:00:00
105,Kevin,Alvarado,Male,1993-07-03,2024-02-27,5,Regular,Active,Organic,2024-02-27T00:00:00
106,Joseph,Preston,Female,1964-11-25,2025-09-09,4,Frequent,Suspended,App Store,2025-09-09T00:00:00
107,Angela,Nelson,Male,2006-04-14,2025-11-18,9,Occasional,Active,Referral,2025-11-18T00:00:00
108,Jason,Cooper,Female,1996-12-03,2024-08-02,2,Student,Active,Google Ads,2024-08-02T00:00:00
109,Cynthia,Baker,Female,2002-07-19,2025-08-22,2,Regular,Active,Referral,2025-08-22T00:00:00
110,John,Odonnell,Male,1989-01-03,2024-02-12,3,Premium,Active,Google Ads,2024-02-12T00:00:00
111,Christopher,Henderson,Female,1959-03-22,2025-10-27,7,Student,Active,Social,2025-10-27T00:00:00
112,Bradley,Cook,Female,1974-08-04,2024-11-25,10,Business,Active,Referral,2024-11-25T00:00:00
113,Dana,Green,Female,1964-08-31,2025-06-30,1,Frequent,Active,Google Ads,2025-06-30T00:00:00
114,Scott,Thornton,Male,2006-03-16,2024-07-24,4,Regular,Active,Organic,2024-07-24T00:00:00
115,Alec,Jones,Male,1993-12-07,2025-07-07,1,Regular,Active,Referral,2025-07-07T00:00:00
116,Rebecca,Gardner,Male,2002-10-15,2025-09-21,3,Regular,Active,Partner,2025-09-21T00:00:00
117,Brandi,Hernandez,Male,1980-11-20,2024-04-16,4,Regular,Inactive,Organic,2024-04-16T00:00:00
118,Bobby,Diaz,Female,1964-06-08,2024-07-11,8,Regular,Active,App Store,2024-07-11T00:00:00
119,Rachel,Clark,Male,1958-06-24,2025-01-06,6,Regular,Active,Referral,2025-01-06T00:00:00
120,Elizabeth,Gomez,Male,1972-09-29,2024-08-21,3,Regular,Inactive,Referral,2024-08-21T00:00:00
121,Nicole,Russell,Male,1993-11-11,2025-08-28,9,Regular,Active,Partner,2025-08-28T00:00:00
122,Kara,Frost,Male,1997-12-31,2024-03-03,5,Regular,Active,Organic,2024-03-03T00:00:00
123,Michelle,Cherry,Female,1971-11-16,2024-11-29,1,Business,Active,Referral,2024-11-29T00:00:00
124,Nicole,Johnson,Female,1967-10-24,2024-07-15,8,Business,Active,Social,2024-07-15T00:00:00
125,Sandra,Patton,Female,2005-11-20,2024-07-23,10,Occasional,Active,Referral,2024-07-23T00:00:00
126,Leah,Shields,Female,1983-10-13,2024-02-25,5,Premium,Active,App Store,2024-02-25T00:00:00
127,Joseph,Cobb,Male,1972-08-26,2024-07-26,1,Frequent,Active,Referral,2024-07-26T00:00:00
128,Patrick,Williams,Female,1963-02-13,2025-05-30,6,Regular,Active,App Store,2025-05-30T00:00:00
129,Jeffrey,Velasquez,Female,1987-10-18,2024-07-30,1,Regular,Inactive,Partner,2024-07-30T00:00:00
130,Michael,Hoover,Male,1987-02-01,2025-06-28,10,Student,Active,Organic,2025-06-28T00:00:00
131,Jeffrey,Keller,Female,1971-04-02,2024-07-04,1,Regular,Suspended,Organic,2024-07-04T00:00:00
132,Mark,Lin,Female,1982-11-17,2025-02-05,2,Occasional,Active,Social,2025-02-05T00:00:00
133,Joshua,May,Female,2008-05-22,2025-05-20,8,Business,Active,Organic,2025-05-20T00:00:00
134,Erin,Anthony,Female,1982-12-18,2024-05-13,2,Business,Active,Organic,2024-05-13T00:00:00
135,Sheila,Wilson,Female,1978-04-19,2025-03-10,6,Business,Active,Google Ads,2025-03-10T00:00:00
136,Gregory,Estes,Male,1973-07-16,2025-06-18,4,Student,Suspended,Google Ads,2025-06-18T00:00:00
137,Benjamin,Carlson,Male,1973-10-30,2025-10-22,1,Premium,Active,Organic,2025-10-22T00:00:00
138,Jessica,Edwards,Male,1979-04-16,2025-06-25,10,Frequent,Active,Social,2025-06-25T00:00:00
139,Tracey,Wilson,Female,1997-01-06,2024-07-05,2,Regular,Inactive,Referral,2024-07-05T00:00:00
140,James,Williams,Male,1995-01-01,2024-08-28,4,Student,Inactive,App Store,2024-08-28T00:00:00
141,Aaron,Frost,Female,1985-06-09,2024-03-03,1,Student,Active,Partner,2024-03-03T00:00:00
142,Gloria,Bentley,Male,1992-05-28,2025-06-29,2,Occasional,Active,Social,2025-06-29T00:00:00
143,Emily,Diaz,Male,2005-12-02,2024-10-29,6,Regular,Suspended,Partner,2024-10-29T00:00:00
144,Stacy,Mccall,Female,1960-07-11,2025-10-14,5,Frequent,Active,Social,2025-10-14T00:00:00
145,Lee,Charles,Male,1998-03-03,2024-09-26,2,Business,Inactive,App Store,2024-09-26T00:00:00
146,Rachel,Hunter,Male,2004-09-28,2024-08-24,6,Frequent,Active,App Store,2024-08-24T00:00:00
147,Ricky,Powell,Male,2001-02-22,2024-02-02,7,Occasional,Active,App Store,2024-02-02T00:00:00
148,Angela,Lee,Male,1975-11-19,2025-02-13,4,Regular,Active,Social,2025-02-13T00:00:00
149,Shelby,Byrd,Male,2001-01-04,2024-02-09,10,Regular,Active,App Store,2024-02-09T00:00:00
150,Christina,Turner,Male,1967-08-10,2024-06-20,2,Frequent,Active,Google Ads,2024-06-20T00:00:00
151,Martha,Torres,Other,1993-01-19,2024-08-07,10,Occasional,Inactive,Partner,2024-08-07T00:00:00
152,Russell,Carpenter,Male,1970-01-25,2024-09-05,4,Regular,Active,Social,2024-09-05T00:00:00
153,Marco,Ramos,Male,2000-04-25,2024-10-25,1,Premium,Active,Organic,2024-10-25T00:00:00
154,Jason,Kennedy,Female,2001-09-27,2024-02-27,6,Regular,Inactive,Referral,2024-02-27T00:00:00
155,Gene,Miller,Female,2005-11-05,2025-06-02,7,Frequent,Active,Referral,2025-06-02T00:00:00
156,Elizabeth,Harvey,Female,1990-11-03,2024-01-31,1,Occasional,Active,Referral,2024-01-31T00:00:00
157,Loretta,Potter,Male,1962-02-13,2024-09-26,3,Premium,Active,Referral,2024-09-26T00:00:00
158,Lance,Drake,Female,2001-07-19,2024-05-09,2,Student,Inactive,Referral,2024-05-09T00:00:00
159,Andrew,Sanchez,Male,1965-10-16,2025-01-09,9,Regular,Active,Google Ads,2025-01-09T00:00:00
160,Cheryl,Mack,Male,1988-02-05,2024-02-22,4,Premium,Active,Social,2024-02-22T00:00:00
161,Robert,Soto,Male,1986-10-03,2024-10-02,10,Frequent,Active,Google Ads,2024-10-02T00:00:00
162,Jennifer,Cruz,Female,1968-12-29,2024-03-03,2,Occasional,Active,App Store,2024-03-03T00:00:00
163,John,Douglas,Female,1982-12-17,2024-04-25,2,Regular,Active,Referral,2024-04-25T00:00:00
164,Patricia,Dalton,Male,1956-02-21,2025-10-03,2,Frequent,Active,Google Ads,2025-10-03T00:00:00
165,Kimberly,Robinson,Male,1963-01-07,2025-08-11,1,Premium,Active,Social,2025-08-11T00:00:00
166,April,Williams,Male,2003-02-13,2025-08-03,7,Regular,Active,Social,2025-08-03T00:00:00
167,Samantha,Martinez,Male,1972-09-20,2025-04-05,9,Student,Active,Google Ads,2025-04-05T00:00:00
168,Laurie,Contreras,Other,1964-11-02,2025-01-07,2,Student,Active,App Store,2025-01-07T00:00:00
169,Caitlin,Dodson,Male,1993-10-19,2025-09-07,5,Frequent,Active,Organic,2025-09-07T00:00:00
170,Cheyenne,Ball,Female,1985-11-18,2024-12-14,3,Occasional,Active,App Store,2024-12-14T00:00:00
171,Ronald,Meadows,Female,1990-02-11,2024-07-31,2,Business,Active,Google Ads,2024-07-31T00:00:00
172,Phyllis,Manning,Male,1986-02-09,2025-01-24,3,Student,Inactive,Referral,2025-01-24T00:00:00
173,Shannon,Walton,Male,1988-01-25,2024-07-22,5,Student,Suspended,Social,2024-07-22T00:00:00
174,Joshua,Strickland,Female,1999-02-27,2024-04-30,3,Occasional,Active,Referral,2024-04-30T00:00:00
175,Courtney,Hill,Female,1988-09-27,2025-09-18,3,Student,Active,Google Ads,2025-09-18T00:00:00
176,Jennifer,Young,Male,1961-01-13,2024-05-12,1,Regular,Active,Google Ads,2024-05-12T00:00:00
177,Luis,Fernandez,Female,1978-08-14,2025-08-02,1,Student,Active,Organic,2025-08-02T00:00:00
178,Edward,Reyes,Female,1965-03-07,2025-09-14,2,Regular,Active,Referral,2025-09-14T00:00:00
179,Jasmine,Brown,Male,1966-02-28,2025-10-02,2,Regular,Active,Partner,2025-10-02T00:00:00
180,Mark,Owens,Male,1983-07-02,2024-07-16,6,Occasional,Active,Partner,2024-07-16T00:00:00
181,Jamie,Fisher,Female,1960-01-01,2025-06-23,2,Business,Active,Social,2025-06-23T00:00:00
182,Brandy,Dominguez,Male,2008-02-24,2025-05-18,3,Frequent,Active,Social,2025-05-18T00:00:00
183,Barbara,Woods,Female,2007-11-11,2025-05-06,8,Business,Active,Social,2025-05-06T00:00:00
184,Kenneth,Price,Female,1979-09-14,2024-08-18,2,Business,Active,Referral,2024-08-18T00:00:00
185,Amanda,Navarro,Female,1984-04-11,2025-07-21,10,Occasional,Inactive,Referral,2025-07-21T00:00:00
186,Rachael,Freeman,Male,1996-10-24,2024-01-15,3,Student,Active,Partner,2024-01-15T00:00:00
187,Ryan,Johnson,Male,1974-05-03,2025-05-05,5,Student,Active,Referral,2025-05-05T00:00:00
188,Elizabeth,Yates,Female,1978-08-21,2024-09-11,1,Regular,Active,App Store,2024-09-11T00:00:00
189,Frederick,Mcdonald,Female,2005-01-16,2024-09-13,1,Regular,Active,Organic,2024-09-13T00:00:00
190,Tina,Ferguson,Other,1964-06-13,2025-05-05,2,Regular,Active,Partner,2025-05-05T00:00:00
191,Brittany,Alvarado,Female,1982-07-30,2025-10-25,10,Frequent,Active,Organic,2025-10-25T00:00:00
192,Dawn,Taylor,Male,1961-06-23,2025-03-19,8,Regular,Active,Organic,2025-03-19T00:00:00
193,Hunter,Green,Male,1987-03-08,2024-06-05,3,Regular,Inactive,Google Ads,2024-06-05T00:00:00
194,Jason,Murphy,Female,1978-01-15,2024-12-20,10,Business,Active,Google Ads,2024-12-20T00:00:00
195,Nichole,Ramirez,Female,2007-07-26,2024-01-17,10,Business,Active,Social,2024-01-17T00:00:00
196,Johnny,Miller,Male,1984-06-14,2024-08-12,5,Frequent,Active,Referral,2024-08-12T00:00:00
197,Kaitlyn,Williams,Female,1957-01-30,2025-06-18,3,Premium,Inactive,App Store,2025-06-18T00:00:00
198,Jeffrey,Jones,Male,1979-07-31,2024-10-03,9,Student,Active,Referral,2024-10-03T00:00:00
199,Billy,Johnson,Male,2000-02-12,2024-07-06,4,Occasional,Active,Organic,2024-07-06T00:00:00
200,James,Smith,Male,1972-08-04,2024-07-15,7,Regular,Active,Organic,2024-07-15T00:00:00
201,John,Wells,Male,1966-02-18,2024-03-10,1,Student,Inactive,Organic,2024-03-10T00:00:00
202,Anne,Robinson,Female,1963-07-20,2024-02-15,1,Premium,Active,Social,2024-02-15T00:00:00
203,Jonathan,Wood,Female,2003-05-13,2024-10-23,4,Student,Active,App Store,2024-10-23T00:00:00
204,Catherine,Adkins,Male,1996-12-29,2025-01-12,2,Frequent,Active,Partner,2025-01-12T00:00:00
205,Kimberly,Martin,Male,1963-07-23,2025-03-30,1,Regular,Active,Partner,2025-03-30T00:00:00
206,Daniel,Johnson,Male,1976-12-05,2024-01-31,5,Frequent,Suspended,Partner,2024-01-31T00:00:00
207,Barbara,Odonnell,Female,1976-12-28,2024-05-05,8,Frequent,Inactive,App Store,2024-05-05T00:00:00
208,Randy,Espinoza,Male,1981-04-21,2024-11-14,6,Regular,Active,Referral,2024-11-14T00:00:00
209,Brittany,Rivas,Female,1960-12-07,2024-01-05,1,Business,Inactive,Google Ads,2024-01-05T00:00:00
210,Curtis,Barton,Male,1972-04-16,2025-01-06,3,Business,Active,Organic,2025-01-06T00:00:00
211,Caroline,Martinez,Male,2002-04-30,2024-06-30,2,Premium,Active,Partner,2024-06-30T00:00:00
212,Kimberly,Reed,Female,1994-04-11,2024-04-02,1,Regular,Active,Google Ads,2024-04-02T00:00:00
213,Doris,Jones,Female,1984-11-30,2024-09-10,1,Regular,Inactive,Organic,2024-09-10T00:00:00
214,Matthew,Atkinson,Female,1999-10-30,2025-08-11,1,Frequent,Active,Social,2025-08-11T00:00:00
215,Daniel,Yu,Female,1989-02-14,2024-08-26,2,Business,Active,Referral,2024-08-26T00:00:00
216,Patricia,Stevens,Male,1999-01-06,2025-09-17,1,Regular,Active,Organic,2025-09-17T00:00:00
217,Ryan,Gross,Male,1966-03-05,2025-04-01,2,Regular,Active,Social,2025-04-01T00:00:00
218,Joseph,Morton,Female,2000-01-11,2024-08-27,9,Business,Active,Referral,2024-08-27T00:00:00
219,Kim,Marshall,Female,1992-05-21,2025-05-05,1,Regular,Active,Organic,2025-05-05T00:00:00
220,Brittany,Morris,Male,2005-07-05,2024-05-19,10,Student,Active,Social,2024-05-19T00:00:00
221,Mariah,Miller,Female,1972-06-20,2024-11-06,4,Frequent,Active,Organic,2024-11-06T00:00:00
222,John,Marshall,Male,1986-06-10,2025-10-03,3,Regular,Suspended,Partner,2025-10-03T00:00:00
223,Elizabeth,Rogers,Female,1997-04-18,2024-07-22,1,Frequent,Active,Social,2024-07-22T00:00:00
224,Melissa,White,Female,1989-05-27,2025-04-03,5,Regular,Active,Referral,2025-04-03T00:00:00
225,Michael,Green,Female,1970-03-14,2025-02-08,9,Frequent,Active,App Store,2025-02-08T00:00:00
226,Nicole,Haynes,Male,1974-10-17,2025-07-16,4,Frequent,Active,Social,2025-07-16T00:00:00
227,Angela,Black,Male,1974-07-25,2024-09-25,2,Student,Active,App Store,2024-09-25T00:00:00
228,Christopher,Cortez,Female,1968-10-06,2024-02-19,2,Regular,Active,App Store,2024-02-19T00:00:00
229,Angela,Allen,Male,1989-01-04,2025-08-28,7,Business,Active,Referral,2025-08-28T00:00:00
230,Debbie,Henry,Male,1988-02-29,2025-11-11,9,Business,Active,Social,2025-11-11T00:00:00
231,Christopher,Walker,Male,1956-12-08,2025-08-16,1,Occasional,Active,App Store,2025-08-16T00:00:00
232,John,Beck,Female,2002-11-03,2025-10-17,8,Business,Active,Partner,2025-10-17T00:00:00
233,Thomas,Schmidt,Female,1980-11-16,2024-06-16,2,Frequent,Active,App Store,2024-06-16T00:00:00
234,Wendy,Pierce,Male,1984-09-19,2025-09-09,1,Frequent,Active,Social,2025-09-09T00:00:00
235,Jacqueline,Nelson,Female,1979-09-15,2024-10-31,10,Frequent,Active,Partner,2024-10-31T00:00:00
236,Jerry,Griffith,Female,1972-11-14,2025-07-09,2,Regular,Active,Social,2025-07-09T00:00:00
237,David,Herrera,Female,1977-03-27,2024-03-23,10,Premium,Active,Organic,2024-03-23T00:00:00
238,Hannah,Lee,Male,2007-08-19,2025-05-26,1,Frequent,Active,Google Ads,2025-05-26T00:00:00
239,Todd,Hardy,Male,2006-01-10,2025-09-09,8,Premium,Active,Partner,2025-09-09T00:00:00
240,Alicia,Campbell,Female,2007-07-01,2024-02-16,1,Business,Active,Organic,2024-02-16T00:00:00
241,Marissa,Phillips,Male,1962-08-09,2025-03-15,3,Frequent,Active,Partner,2025-03-15T00:00:00
242,Harry,Smith,Male,1980-04-27,2025-11-04,2,Regular,Active,Google Ads,2025-11-04T00:00:00
243,David,Williams,Female,1992-02-10,2024-05-10,10,Occasional,Active,Organic,2024-05-10T00:00:00
244,Angela,Terry,Female,1959-06-23,2024-06-20,3,Student,Inactive,Organic,2024-06-20T00:00:00
245,Dana,Mullins,Other,1964-05-10,2024-04-03,10,Regular,Active,App Store,2024-04-03T00:00:00
246,Monique,Andrews,Female,1962-09-29,2025-04-08,1,Student,Active,Organic,2025-04-08T00:00:00
247,Timothy,Peterson,Male,1987-09-15,2024-08-05,8,Premium,Active,Social,2024-08-05T00:00:00
248,Johnny,Hensley,Female,1959-04-05,2025-10-18,2,Business,Inactive,Organic,2025-10-18T00:00:00
249,Lynn,Morales,Male,1963-07-12,2025-07-09,2,Regular,Suspended,App Store,2025-07-09T00:00:00
250,Barbara,Parks,Female,1960-10-21,2024-12-25,6,Occasional,Active,Referral,2024-12-25T00:00:00
251,Edward,Hart,Female,1966-02-02,2025-01-14,1,Occasional,Inactive,Partner,2025-01-14T00:00:00
252,Christopher,Wright,Female,1976-06-09,2025-10-08,10,Business,Active,Partner,2025-10-08T00:00:00
253,Kathy,Obrien,Male,1993-09-27,2024-11-02,2,Frequent,Active,Partner,2024-11-02T00:00:00
254,Jeremiah,Mills,Female,1997-11-05,2024-05-16,3,Regular,Active,App Store,2024-05-16T00:00:00
255,Rebekah,Evans,Male,1986-06-03,2024-05-15,2,Business,Active,Social,2024-05-15T00:00:00
256,Veronica,Torres,Female,1995-10-24,2024-07-17,10,Regular,Active,Social,2024-07-17T00:00:00
257,Brian,Choi,Male,1998-01-09,2024-01-29,2,Regular,Active,Referral,2024-01-29T00:00:00
258,Stacey,Clark,Female,1962-07-08,2024-04-14,2,Occasional,Active,Google Ads,2024-04-14T00:00:00
259,Joseph,Miller,Female,1970-02-15,2024-12-21,2,Business,Inactive,Partner,2024-12-21T00:00:00
260,Glenn,Jones,Female,1972-02-01,2024-03-19,2,Regular,Active,Organic,2024-03-19T00:00:00
261,Ricky,Norris,Male,1955-12-12,2024-08-16,5,Business,Active,Partner,2024-08-16T00:00:00
262,Kelly,Hall,Female,1987-09-28,2024-05-02,1,Frequent,Active,Partner,2024-05-02T00:00:00
263,Justin,Heath,Male,2003-11-15,2025-05-16,4,Regular,Active,Social,2025-05-16T00:00:00
264,Grace,Bradshaw,Male,1960-08-10,2024-01-23,3,Frequent,Suspended,Google Ads,2024-01-23T00:00:00
265,Brittany,Lara,Male,1998-04-19,2025-10-08,5,Regular,Active,App Store,2025-10-08T00:00:00
266,Ronald,Stephens,Female,1969-03-23,2025-03-04,3,Occasional,Active,Organic,2025-03-04T00:00:00
267,Edward,Baker,Female,1999-11-02,2025-05-17,3,Premium,Active,Organic,2025-05-17T00:00:00
268,Charles,Martin,Male,1965-06-11,2024-11-15,5,Occasional,Active,Google Ads,2024-11-15T00:00:00
269,Brooke,Holloway,Male,1976-09-11,2025-06-29,7,Occasional,Active,Partner,2025-06-29T00:00:00
270,Scott,Harrison,Male,1975-05-28,2024-09-15,6,Student,Active,Google Ads,2024-09-15T00:00:00
271,Holly,Bender,Female,1976-06-16,2024-09-02,9,Regular,Active,Organic,2024-09-02T00:00:00
272,Amber,Kim,Male,1989-10-27,2025-05-28,2,Regular,Suspended,Referral,2025-05-28T00:00:00
273,Bill,Reynolds,Female,1996-06-17,2024-10-04,6,Business,Inactive,Referral,2024-10-04T00:00:00
274,Cassandra,Johnson,Male,1977-09-12,2025-08-09,2,Frequent,Active,Referral,2025-08-09T00:00:00
275,Suzanne,Huff,Female,1971-05-05,2024-06-23,1,Regular,Active,Referral,2024-06-23T00:00:00
276,Brenda,Smith,Female,1994-11-27,2024-10-23,3,Premium,Active,App Store,2024-10-23T00:00:00
277,Emily,Adams,Male,2007-10-22,2024-11-03,3,Regular,Active,Partner,2024-11-03T00:00:00
278,Kathryn,Thompson,Male,1958-07-02,2024-08-28,2,Regular,Active,App Store,2024-08-28T00:00:00
279,Denise,Moon,Male,1991-01-29,2024-09-13,2,Frequent,Active,Organic,2024-09-13T00:00:00
280,Wendy,Graham,Female,1968-02-11,2025-01-13,8,Occasional,Active,Partner,2025-01-13T00:00:00
281,Tanya,Harrison,Female,1989-03-23,2025-03-13,7,Business,Inactive,Social,2025-03-13T00:00:00
282,Mathew,Santiago,Male,1983-07-21,2024-09-08,3,Regular,Active,App Store,2024-09-08T00:00:00
283,Mark,Steele,Female,1966-09-16,2024-12-10,1,Business,Active,App Store,2024-12-10T00:00:00
284,Elaine,Morales,Other,1975-05-18,2025-05-14,8,Premium,Inactive,Referral,2025-05-14T00:00:00
285,Andrea,Gibson,Male,2007-07-08,2024-03-24,5,Regular,Active,Social,2024-03-24T00:00:00
286,Johnny,Wilson,Male,1977-03-02,2025-03-16,1,Regular,Active,Social,2025-03-16T00:00:00
287,Richard,Robertson,Male,2008-05-02,2024-06-05,8,Regular,Inactive,Referral,2024-06-05T00:00:00
288,Diane,Daniels,Female,1955-11-04,2024-01-03,2,Regular,Active,Partner,2024-01-03T00:00:00
289,Brian,Stone,Female,1983-11-20,2025-10-07,2,Regular,Active,Social,2025-10-07T00:00:00
290,Katherine,Garrett,Male,1998-02-18,2025-11-04,3,Occasional,Active,Referral,2025-11-04T00:00:00
291,Brett,Adams,Male,2007-06-25,2025-05-05,8,Premium,Active,Referral,2025-05-05T00:00:00
292,Sara,Kim,Other,1964-09-05,2025-08-12,1,Regular,Active,Referral,2025-08-12T00:00:00
293,Todd,Johnson,Male,2003-04-13,2024-05-26,2,Business,Active,Referral,2024-05-26T00:00:00
294,Chelsea,Allen,Male,1998-08-21,2024-08-25,3,Frequent,Active,Partner,2024-08-25T00:00:00
295,Lance,Smith,Female,1966-07-17,2024-11-01,10,Occasional,Active,App Store,2024-11-01T00:00:00
296,Christopher,Gay,Male,1983-07-12,2024-04-25,6,Frequent,Inactive,App Store,2024-04-25T00:00:00
297,Steven,Wilson,Male,1963-06-27,2024-03-01,2,Regular,Active,Partner,2024-03-01T00:00:00
298,Tyrone,Moran,Female,1966-03-29,2024-10-09,7,Regular,Active,App Store,2024-10-09T00:00:00
299,Janice,Perry,Male,1990-05-24,2025-03-22,9,Regular,Active,Referral,2025-03-22T00:00:00
300,Tina,Sanchez,Male,1988-08-06,2024-12-25,1,Regular,Inactive,App Store,2024-12-25T00:00:00
301,Duane,Lee,Male,1993-04-11,2024-02-29,9,Student,Active,Organic,2024-02-29T00:00:00
302,William,Suarez,Male,1996-07-20,2025-03-06,8,Premium,Active,Social,2025-03-06T00:00:00
303,Joshua,Tyler,Male,1960-07-07,2025-01-14,7,Business,Active,Referral,2025-01-14T00:00:00
304,Matthew,French,Female,1984-01-01,2024-04-21,4,Student,Active,Social,2024-04-21T00:00:00
305,Lori,Campbell,Male,1973-12-11,2025-11-21,1,Premium,Active,Partner,2025-11-21T00:00:00
306,Mary,Carpenter,Female,1976-01-30,2025-11-22,2,Business,Active,Referral,2025-11-22T00:00:00
307,Tracy,Hernandez,Female,2000-09-02,2025-08-06,5,Occasional,Active,Partner,2025-08-06T00:00:00
308,Todd,Cook,Female,1992-05-31,2024-06-26,6,Regular,Active,Google Ads,2024-06-26T00:00:00
309,Amy,Gibson,Female,2007-09-05,2025-07-24,3,Occasional,Active,Social,2025-07-24T00:00:00
310,Molly,Pollard,Female,1977-08-29,2024-02-19,2,Regular,Active,Social,2024-02-19T00:00:00
311,Ashley,Hall,Female,1972-01-06,2024-12-28,2,Frequent,Suspended,Partner,2024-12-28T00:00:00
312,Robert,Flores,Female,2008-07-16,2024-06-23,7,Regular,Active,Partner,2024-06-23T00:00:00
313,Janet,Shepherd,Female,1987-12-13,2025-10-26,3,Regular,Active,Organic,2025-10-26T00:00:00
314,Vanessa,Sparks,Male,1982-01-14,2024-11-28,2,Regular,Inactive,Organic,2024-11-28T00:00:00
315,Tina,Simpson,Male,2000-02-19,2024-10-18,8,Regular,Active,Social,2024-10-18T00:00:00
316,David,Sanford,Male,1958-04-14,2024-06-05,7,Occasional,Active,Partner,2024-06-05T00:00:00
317,Molly,Sawyer,Female,1978-05-10,2025-07-14,6,Regular,Active,Referral,2025-07-14T00:00:00
318,Cory,Lozano,Male,1985-09-22,2024-03-16,3,Student,Active,Google Ads,2024-03-16T00:00:00
319,Jennifer,Ortiz,Female,1956-10-22,2024-02-12,2,Regular,Inactive,Google Ads,2024-02-12T00:00:00
320,Tara,Jones,Female,2000-04-27,2025-11-11,9,Regular,Suspended,Google Ads,2025-11-11T00:00:00
321,Matthew,Schwartz,Male,1973-10-19,2025-08-02,1,Regular,Active,Referral,2025-08-02T00:00:00
322,Christopher,Murphy,Male,1999-12-26,2024-09-23,7,Occasional,Active,Organic,2024-09-23T00:00:00
323,Michele,James,Female,2001-08-27,2025-05-30,5,Premium,Active,Google Ads,2025-05-30T00:00:00
324,Courtney,Clay,Male,1977-04-24,2024-11-04,3,Student,Active,Google Ads,2024-11-04T00:00:00
325,Monique,Johnson,Male,1988-12-20,2024-02-17,2,Premium,Active,Referral,2024-02-17T00:00:00
326,Jimmy,Cohen,Female,1960-06-02,2025-07-14,1,Regular,Active,Social,2025-07-14T00:00:00
327,Wendy,Francis,Female,1975-04-27,2025-09-09,9,Regular,Active,Partner,2025-09-09T00:00:00
328,Tiffany,Hodges,Female,1985-04-18,2024-03-19,5,Business,Active,Referral,2024-03-19T00:00:00
329,Monique,Wallace,Female,2003-08-31,2024-11-08,5,Student,Active,Google Ads,2024-11-08T00:00:00
330,Kevin,Johnson,Male,2002-12-28,2025-01-27,1,Regular,Active,Partner,2025-01-27T00:00:00
331,Laura,Carter,Male,1977-11-02,2025-11-29,7,Frequent,Active,Referral,2025-11-29T00:00:00
332,Ryan,Sanchez,Male,1981-04-09,2024-11-21,5,Student,Active,Google Ads,2024-11-21T00:00:00
333,Ashlee,Sparks,Female,1983-10-21,2025-05-20,6,Frequent,Active,Social,2025-05-20T00:00:00
334,Gregory,Lynch,Female,1967-05-01,2024-03-25,3,Business,Active,Organic,2024-03-25T00:00:00
335,Christine,Allen,Male,1981-10-18,2025-01-25,2,Occasional,Active,App Store,2025-01-25T00:00:00
336,Douglas,Murray,Female,1995-06-13,2024-04-10,6,Regular,Active,Organic,2024-04-10T00:00:00
337,Steve,Estrada,Female,1973-01-17,2025-05-12,1,Business,Active,Organic,2025-05-12T00:00:00
338,Rachel,Byrd,Male,1987-06-04,2024-10-08,7,Regular,Active,Google Ads,2024-10-08T00:00:00
339,Charles,Landry,Female,1966-07-07,2024-04-17,8,Occasional,Active,Referral,2024-04-17T00:00:00
340,Kevin,Hayden,Male,1995-10-01,2024-09-09,2,Regular,Active,Social,2024-09-09T00:00:00
341,John,Bruce,Male,2002-09-27,2025-03-23,5,Occasional,Suspended,Google Ads,2025-03-23T00:00:00
342,Yvonne,Castaneda,Male,1969-04-27,2025-05-20,8,Occasional,Active,Social,2025-05-20T00:00:00
343,John,Armstrong,Other,1963-01-08,2024-06-06,9,Frequent,Suspended,Referral,2024-06-06T00:00:00
344,Kenneth,Lyons,Male,1994-11-18,2025-02-11,4,Regular,Active,Partner,2025-02-11T00:00:00
345,Tiffany,Barrett,Female,1957-04-04,2024-05-02,2,Student,Active,Google Ads,2024-05-02T00:00:00
346,Alan,Grimes,Female,1974-06-11,2024-10-24,3,Regular,Active,Referral,2024-10-24T00:00:00
347,Julie,Williams,Male,2008-09-23,2024-02-09,2,Student,Active,Referral,2024-02-09T00:00:00
348,Julie,Wall,Male,1997-01-11,2024-03-19,1,Student,Active,Referral,2024-03-19T00:00:00
349,Kimberly,Hall,Male,1975-03-29,2025-10-09,5,Regular,Inactive,Google Ads,2025-10-09T00:00:00
350,Jeffery,Lee,Female,1979-09-27,2024-06-09,9,Frequent,Active,App Store,2024-06-09T00:00:00
351,Erica,Le,Male,1972-10-26,2024-03-29,1,Regular,Inactive,Organic,2024-03-29T00:00:00
352,Erin,Taylor,Female,2000-08-15,2025-09-21,10,Student,Active,Referral,2025-09-21T00:00:00
353,Rebecca,Lucas,Male,1962-05-18,2025-09-02,2,Regular,Active,App Store,2025-09-02T00:00:00
354,Kristina,Johnson,Male,1976-10-14,2025-05-29,3,Frequent,Active,Organic,2025-05-29T00:00:00
355,Jessica,Davis,Female,1980-08-04,2025-01-16,6,Business,Active,Google Ads,2025-01-16T00:00:00
356,Mark,Perry,Male,1975-11-06,2024-02-02,1,Frequent,Active,Organic,2024-02-02T00:00:00
357,David,Ryan,Male,1969-06-05,2025-08-29,7,Frequent,Active,Referral,2025-08-29T00:00:00
358,Alyssa,Mcintyre,Male,1980-08-29,2025-02-01,9,Regular,Inactive,Social,2025-02-01T00:00:00
359,Jonathan,Summers,Female,1966-12-17,2024-12-29,9,Regular,Active,Social,2024-12-29T00:00:00
360,Tammy,Phillips,Female,1988-07-21,2024-06-12,5,Business,Active,Social,2024-06-12T00:00:00
361,Linda,Mcdonald,Male,1978-10-24,2025-10-19,6,Frequent,Active,Google Ads,2025-10-19T00:00:00
362,Donald,Levy,Male,1960-11-20,2025-05-11,4,Student,Inactive,Organic,2025-05-11T00:00:00
363,Jennifer,Whitney,Male,2001-10-15,2025-01-16,1,Occasional,Active,Referral,2025-01-16T00:00:00
364,Michael,Gibbs,Female,1993-09-09,2024-09-21,2,Frequent,Inactive,Referral,2024-09-21T00:00:00
365,Joseph,Martinez,Male,1956-09-16,2025-10-25,5,Frequent,Inactive,Social,2025-10-25T00:00:00
366,Emily,Chambers,Other,1980-11-05,2024-11-30,1,Regular,Active,Social,2024-11-30T00:00:00
367,Parker,Little,Male,1995-07-18,2024-11-12,3,Student,Active,Organic,2024-11-12T00:00:00
368,Daniel,Hall,Female,1981-01-16,2025-06-12,4,Regular,Active,Partner,2025-06-12T00:00:00
369,Christine,Hahn,Female,1957-06-19,2024-08-10,1,Frequent,Suspended,Social,2024-08-10T00:00:00
370,Rose,Walker,Male,1978-01-31,2024-09-04,6,Frequent,Active,Social,2024-09-04T00:00:00
371,Cynthia,Marshall,Male,1960-01-25,2024-04-03,3,Regular,Active,Organic,2024-04-03T00:00:00
372,Kevin,Ortiz,Female,2003-06-22,2025-01-14,2,Regular,Active,Google Ads,2025-01-14T00:00:00
373,Brandon,Johnson,Male,1965-04-11,2024-08-18,3,Regular,Active,Google Ads,2024-08-18T00:00:00
374,Darren,Young,Male,1989-04-15,2024-08-14,5,Premium,Active,App Store,2024-08-14T00:00:00
375,Derek,Chavez,Male,1992-05-05,2024-04-11,1,Business,Active,Organic,2024-04-11T00:00:00
376,Stacy,Horton,Female,2001-05-23,2024-03-09,7,Occasional,Active,Partner,2024-03-09T00:00:00
377,Robert,Newton,Female,1992-07-10,2025-09-25,10,Premium,Active,Referral,2025-09-25T00:00:00
378,Nicole,Pena,Male,1966-04-12,2025-05-31,2,Frequent,Active,Organic,2025-05-31T00:00:00
379,Christina,Crosby,Female,1989-01-23,2024-03-05,2,Regular,Active,Social,2024-03-05T00:00:00
380,Antonio,Wood,Male,1974-10-19,2024-01-03,1,Occasional,Active,App Store,2024-01-03T00:00:00
381,Sean,Young,Male,1985-12-08,2025-05-23,3,Regular,Active,Social,2025-05-23T00:00:00
382,Cory,Jennings,Male,1980-06-11,2024-01-06,4,Business,Suspended,Social,2024-01-06T00:00:00
383,Rachel,Newman,Female,1992-10-24,2025-05-23,2,Frequent,Active,Social,2025-05-23T00:00:00
384,Raymond,Lopez,Male,1959-11-19,2024-08-18,1,Occasional,Active,Google Ads,2024-08-18T00:00:00
385,Stacy,Holloway,Male,1964-01-29,2024-10-09,5,Regular,Active,App Store,2024-10-09T00:00:00
386,Elizabeth,May,Female,1962-01-01,2024-09-18,3,Frequent,Active,Referral,2024-09-18T00:00:00
387,Tasha,Williams,Male,1996-05-26,2025-04-02,9,Occasional,Active,App Store,2025-04-02T00:00:00
388,John,Martinez,Male,1978-06-17,2024-10-27,2,Regular,Active,App Store,2024-10-27T00:00:00
389,Jamie,Gallegos,Female,1994-03-08,2025-04-20,5,Regular,Active,Partner,2025-04-20T00:00:00
390,Jamie,Robinson,Male,1993-06-23,2024-04-15,1,Student,Suspended,Partner,2024-04-15T00:00:00
391,Mark,Hernandez,Female,1971-08-15,2024-03-19,1,Business,Active,Google Ads,2024-03-19T00:00:00
392,Aaron,Garrison,Male,1996-04-27,2024-02-21,2,Regular,Active,Social,2024-02-21T00:00:00
393,Vanessa,Fernandez,Male,1965-08-11,2024-08-23,2,Regular,Active,Referral,2024-08-23T00:00:00
394,Daniel,Delacruz,Male,1967-08-22,2024-10-20,1,Regular,Active,App Store,2024-10-20T00:00:00
395,Alexis,Tyler,Female,1964-09-24,2024-06-07,4,Student,Suspended,Referral,2024-06-07T00:00:00
396,Brianna,Smith,Female,1971-12-15,2025-07-13,8,Regular,Active,Google Ads,2025-07-13T00:00:00
397,Brian,Harmon,Female,1973-10-27,2024-12-01,2,Frequent,Active,Social,2024-12-01T00:00:00
398,Daniel,Brown,Female,1991-07-25,2024-02-17,1,Regular,Suspended,Social,2024-02-17T00:00:00
399,Kimberly,Palmer,Female,1986-04-08,2024-07-12,5,Regular,Active,Google Ads,2024-07-12T00:00:00
400,Shannon,Walker,Male,1963-03-09,2024-12-30,1,Regular,Active,Social,2024-12-30T00:00:00
401,Bradley,Logan,Male,1997-08-15,2025-04-07,8,Regular,Active,App Store,2025-04-07T00:00:00
402,Adrienne,Ellis,Male,2000-08-08,2024-05-09,4,Occasional,Active,Referral,2024-05-09T00:00:00
403,Bruce,Mendoza,Male,1957-11-19,2024-02-06,2,Regular,Active,App Store,2024-02-06T00:00:00
404,Ronald,Rodriguez,Male,1983-02-04,2025-03-02,10,Frequent,Inactive,Google Ads,2025-03-02T00:00:00
405,Renee,Jones,Male,2004-03-29,2024-01-06,4,Occasional,Inactive,Partner,2024-01-06T00:00:00
406,Marc,Hernandez,Male,1961-04-06,2025-01-26,9,Premium,Active,Referral,2025-01-26T00:00:00
407,Joshua,Schultz,Male,1964-05-08,2025-10-20,5,Business,Active,Organic,2025-10-20T00:00:00
408,Jennifer,James,Male,1993-01-29,2024-05-06,5,Regular,Active,Partner,2024-05-06T00:00:00
409,Alyssa,Chavez,Male,1996-06-01,2024-09-22,2,Occasional,Inactive,Organic,2024-09-22T00:00:00
410,Russell,Mcguire,Male,1996-12-17,2024-03-25,1,Student,Active,Google Ads,2024-03-25T00:00:00
411,Melissa,Curtis,Male,1963-07-20,2025-05-20,9,Frequent,Inactive,Social,2025-05-20T00:00:00
412,Andrea,Glenn,Female,2008-02-03,2025-10-07,2,Regular,Inactive,Organic,2025-10-07T00:00:00
413,Shannon,Perez,Male,1985-01-11,2024-08-16,9,Frequent,Active,App Store,2024-08-16T00:00:00
414,Maria,Ross,Male,1978-10-30,2025-08-25,5,Student,Active,Referral,2025-08-25T00:00:00
415,Cody,Simmons,Female,2005-05-31,2024-03-12,6,Student,Active,App Store,2024-03-12T00:00:00
416,Jonathan,Mckay,Male,2001-01-09,2024-10-08,4,Regular,Active,Social,2024-10-08T00:00:00
417,Sandra,Jones,Male,2002-07-03,2024-11-23,2,Regular,Active,Referral,2024-11-23T00:00:00
418,Christopher,Davis,Male,1961-07-28,2024-05-11,2,Regular,Active,Referral,2024-05-11T00:00:00
419,Nathan,Anderson,Female,2006-01-14,2025-04-30,10,Premium,Active,Google Ads,2025-04-30T00:00:00
420,Brenda,Hoffman,Male,1959-11-05,2024-07-28,3,Occasional,Active,Google Ads,2024-07-28T00:00:00
421,Elizabeth,Jenkins,Male,1978-03-13,2025-11-25,4,Occasional,Active,Partner,2025-11-25T00:00:00
422,Shelley,Henderson,Female,2001-01-15,2024-01-22,8,Student,Active,Organic,2024-01-22T00:00:00
423,Brett,Roberts,Female,2004-10-31,2025-02-23,8,Business,Active,Google Ads,2025-02-23T00:00:00
424,Michael,Lane,Female,1977-01-09,2024-02-01,5,Business,Active,Organic,2024-02-01T00:00:00
425,Eric,Olson,Female,1970-03-29,2024-12-08,2,Regular,Active,App Store,2024-12-08T00:00:00
426,Michael,Hawkins,Male,1963-02-16,2025-04-29,2,Occasional,Active,Organic,2025-04-29T00:00:00
427,Kathryn,Andrews,Male,1963-08-01,2024-05-16,2,Student,Active,Social,2024-05-16T00:00:00
428,Megan,Villegas,Male,1984-12-18,2025-05-01,6,Student,Active,Organic,2025-05-01T00:00:00
429,Christina,Day,Male,1998-01-27,2025-11-23,3,Student,Active,Social,2025-11-23T00:00:00
430,Chelsea,Barrett,Female,1957-07-20,2024-03-05,9,Business,Active,Referral,2024-03-05T00:00:00
431,Joseph,White,Male,2002-12-15,2025-03-09,2,Regular,Active,Social,2025-03-09T00:00:00
432,Kathryn,Dorsey,Male,2003-08-01,2024-04-13,9,Regular,Active,Referral,2024-04-13T00:00:00
433,Adam,Kane,Male,1979-08-26,2025-08-13,2,Regular,Active,Organic,2025-08-13T00:00:00
434,Diane,Jones,Female,1994-04-20,2024-10-05,3,Regular,Active,Social,2024-10-05T00:00:00
435,Cynthia,Johnson,Male,2006-03-09,2025-08-06,3,Frequent,Inactive,Google Ads,2025-08-06T00:00:00
436,Alyssa,Bennett,Female,2006-07-15,2024-03-08,1,Occasional,Active,Partner,2024-03-08T00:00:00
437,Matthew,Wood,Male,1986-08-20,2024-08-15,6,Regular,Active,Referral,2024-08-15T00:00:00
438,Mark,Pugh,Male,2004-11-13,2024-01-02,1,Occasional,Inactive,Organic,2024-01-02T00:00:00
439,Christopher,Williams,Male,1996-05-03,2025-09-14,3,Occasional,Active,Organic,2025-09-14T00:00:00
440,Karen,Williams,Other,1966-06-23,2024-07-18,1,Frequent,Active,Partner,2024-07-18T00:00:00
441,Joseph,Stanley,Female,1961-04-25,2025-02-05,5,Regular,Active,Partner,2025-02-05T00:00:00
442,Catherine,Perry,Male,1988-10-24,2025-10-05,4,Regular,Active,Partner,2025-10-05T00:00:00
443,Kari,Wilson,Male,1970-06-07,2024-07-04,2,Regular,Active,App Store,2024-07-04T00:00:00
444,Daniel,Gregory,Male,1985-01-07,2024-01-29,6,Occasional,Active,Organic,2024-01-29T00:00:00
445,Tommy,Estrada,Male,1996-02-16,2025-11-08,1,Regular,Active,Social,2025-11-08T00:00:00
446,Jeffrey,Joyce,Female,1958-11-08,2024-07-26,1,Occasional,Active,Partner,2024-07-26T00:00:00
447,Adrian,Turner,Male,1959-06-29,2025-08-18,5,Student,Active,Google Ads,2025-08-18T00:00:00
448,Katrina,Duran,Male,1970-02-20,2024-05-18,4,Regular,Active,Social,2024-05-18T00:00:00
449,Mark,Smith,Female,1975-06-18,2025-03-04,7,Premium,Active,Google Ads,2025-03-04T00:00:00
450,Ryan,Anderson,Male,2006-08-07,2024-05-22,9,Business,Active,Referral,2024-05-22T00:00:00
451,Jane,Mason,Male,1992-01-03,2025-01-13,3,Occasional,Active,Partner,2025-01-13T00:00:00
452,Linda,Jones,Male,2001-03-23,2024-09-01,9,Regular,Active,Organic,2024-09-01T00:00:00
453,Bobby,Smith,Male,2006-04-05,2025-06-18,9,Regular,Active,Organic,2025-06-18T00:00:00
454,Michelle,Johnston,Female,1961-01-23,2025-10-13,7,Regular,Active,Partner,2025-10-13T00:00:00
455,Richard,Bowman,Male,1994-10-13,2024-02-11,6,Student,Active,Partner,2024-02-11T00:00:00
456,Darius,Smith,Male,1975-06-19,2024-05-13,7,Business,Active,Social,2024-05-13T00:00:00
457,George,Meza,Male,1977-11-12,2024-09-23,3,Regular,Active,Social,2024-09-23T00:00:00
458,Marilyn,Gillespie,Female,1987-01-27,2025-08-10,5,Regular,Active,Google Ads,2025-08-10T00:00:00
459,Samuel,Rodriguez,Female,1961-10-05,2024-08-30,5,Student,Active,Google Ads,2024-08-30T00:00:00
460,Brianna,Warren,Male,1985-05-30,2025-10-25,4,Business,Active,Google Ads,2025-10-25T00:00:00
461,Monica,Reese,Female,1982-09-11,2025-11-15,2,Student,Active,Social,2025-11-15T00:00:00
462,Mason,Jackson,Female,1970-11-04,2024-01-11,2,Premium,Active,Partner,2024-01-11T00:00:00
463,Cynthia,Schmidt,Male,1990-07-03,2025-05-24,2,Occasional,Active,App Store,2025-05-24T00:00:00
464,Rebecca,Bailey,Male,1968-12-16,2024-08-19,9,Regular,Active,Organic,2024-08-19T00:00:00
465,Susan,Brewer,Male,2005-04-06,2024-09-24,7,Regular,Active,Google Ads,2024-09-24T00:00:00
466,Joel,Thomas,Male,1965-10-24,2025-08-22,5,Premium,Active,App Store,2025-08-22T00:00:00
467,Glenn,Hernandez,Female,1969-03-10,2025-09-23,8,Frequent,Active,Social,2025-09-23T00:00:00
468,Diana,Thompson,Female,2007-06-04,2025-03-30,3,Business,Active,Google Ads,2025-03-30T00:00:00
469,Courtney,Marshall,Female,2008-05-10,2024-05-18,2,Student,Suspended,Organic,2024-05-18T00:00:00
470,Kathleen,Cole,Male,1994-02-15,2025-08-15,5,Occasional,Inactive,Organic,2025-08-15T00:00:00
471,Dawn,Downs,Male,1994-03-06,2025-09-09,2,Frequent,Active,App Store,2025-09-09T00:00:00
472,Michelle,Burton,Male,1977-10-04,2024-08-10,2,Regular,Active,Social,2024-08-10T00:00:00
473,Scott,Harrison,Female,1966-01-14,2024-09-03,9,Business,Active,Organic,2024-09-03T00:00:00
474,Kevin,Hill,Female,1998-09-24,2024-10-31,5,Occasional,Inactive,Organic,2024-10-31T00:00:00
475,Michael,Jones,Male,1959-08-03,2025-01-12,10,Student,Active,Google Ads,2025-01-12T00:00:00
476,Shannon,Brown,Male,1987-03-09,2025-09-29,4,Premium,Active,Google Ads,2025-09-29T00:00:00
477,Chase,Lin,Male,1975-04-20,2024-08-09,4,Frequent,Active,Google Ads,2024-08-09T00:00:00
478,Christina,Hunter,Male,1961-11-28,2025-09-13,2,Occasional,Active,App Store,2025-09-13T00:00:00
479,Betty,Best,Female,1987-04-02,2025-01-20,2,Frequent,Active,Google Ads,2025-01-20T00:00:00
480,Paula,Cole,Male,2006-01-17,2025-01-19,1,Regular,Active,Partner,2025-01-19T00:00:00
481,Denise,Morris,Male,1994-08-31,2025-07-25,5,Student,Active,Google Ads,2025-07-25T00:00:00
482,Walter,Rosario,Female,1988-02-17,2024-08-14,10,Regular,Active,App Store,2024-08-14T00:00:00
483,Dale,Nolan,Female,1986-06-03,2024-09-21,4,Business,Active,Organic,2024-09-21T00:00:00
484,Toni,Miller,Male,1979-02-19,2024-04-21,9,Student,Inactive,Google Ads,2024-04-21T00:00:00
485,Gerald,Wright,Male,1999-09-25,2024-09-23,1,Premium,Active,Organic,2024-09-23T00:00:00
486,Vickie,Warren,Male,1985-07-21,2025-02-26,3,Regular,Active,App Store,2025-02-26T00:00:00
487,Erik,Watson,Male,1997-04-05,2025-08-22,2,Occasional,Active,Partner,2025-08-22T00:00:00
488,Paul,Schroeder,Female,1975-01-06,2025-05-28,10,Regular,Active,Social,2025-05-28T00:00:00
489,Carla,Mccormick,Female,2001-12-18,2024-11-01,1,Student,Active,App Store,2024-11-01T00:00:00
490,Matthew,Rivera,Female,1999-10-24,2024-03-12,2,Business,Active,Organic,2024-03-12T00:00:00
491,Erika,Mitchell,Female,1993-09-25,2024-07-31,2,Premium,Active,Social,2024-07-31T00:00:00
492,Melissa,Brandt,Female,2005-01-05,2024-04-04,9,Regular,Inactive,App Store,2024-04-04T00:00:00
493,Morgan,Cook,Female,1996-10-11,2024-09-03,4,Occasional,Active,Social,2024-09-03T00:00:00
494,Elizabeth,Rangel,Male,1995-06-03,2024-04-14,2,Business,Active,App Store,2024-04-14T00:00:00
495,Tammy,Hale,Female,1976-11-15,2025-11-27,4,Frequent,Inactive,Organic,2025-11-27T00:00:00
496,David,Fletcher,Female,1982-06-09,2024-05-09,2,Frequent,Active,App Store,2024-05-09T00:00:00
497,Kyle,Bennett,Female,1961-07-12,2025-05-14,2,Student,Active,Partner,2025-05-14T00:00:00
498,Lisa,Santiago,Female,1978-02-12,2025-08-03,8,Student,Active,Social,2025-08-03T00:00:00
499,Wendy,Gaines,Female,2006-01-14,2024-02-16,3,Frequent,Active,Social,2024-02-16T00:00:00
500,Debbie,Henderson,Male,1962-02-14,2025-09-30,2,Frequent,Active,Social,2025-09-30T00:00:00
22,Charles,Reid,Male,1999-11-12,2025-02-23,1,Regular,Active,Organic,2025-02-23T00:00:00
