session_id,driver_id,city_id,zone_id,session_start,session_end,online_minutes,rides_completed
1,97,8,37,2025-04-20 07:12:16,2025-04-20 12:54:16,342,11
2,61,4,17,2024-09-29 20:18:06,2024-09-30 04:21:06,483,11
3,54,2,7,2025-01-28 19:49:35,2025-01-29 03:01:35,432,7
4,10,3,11,2024-03-16 22:39:36,2024-03-17 04:07:36,328,7
5,98,1,3,2024-09-03 13:40:05,2024-09-03 17:37:05,237,3
6,34,4,19,2025-01-03 18:29:40,2025-01-03 20:48:40,139,2
7,61,4,19,2025-03-23 22:49:48,2025-03-24 05:36:48,407,8
8,77,10,46,2025-03-25 17:39:04,2025-03-25 19:49:04,130,3
9,18,6,28,2025-07-28 06:13:06,2025-07-28 15:14:06,541,14
10,81,5,24,2024-12-29 07:59:15,2024-12-29 14:47:15,408,13
11,46,1,3,2025-12-22 05:04:42,2025-12-22 08:50:42,226,6
12,68,8,40,2025-10-26 20:23:18,2025-10-27 03:32:18,429,11
13,14,10,49,2024-01-25 20:35:32,2024-01-25 22:15:32,100,0
14,94,6,26,2025-11-29 09:17:17,2025-11-29 17:38:17,501,8
15,3,8,40,2024-10-04 13:21:27,2024-10-04 15:39:27,138,2
16,11,3,11,2025-02-23 10:35:24,2025-02-23 18:02:24,447,9
17,2,6,29,2025-05-22 07:53:17,2025-05-22 09:33:17,100,0
18,78,4,17,2025-07-03 22:38:27,2025-07-04 03:18:27,280,6
19,13,6,29,2024-11-09 12:13:47,2024-11-09 16:35:47,262,6
20,9,1,1,2024-10-10 13:04:34,2024-10-10 14:08:34,64,0
21,6,5,24,2025-12-13 12:59:23,2025-12-13 15:16:23,137,0
22,5,7,32,2025-10-12 06:22:22,2025-10-12 13:06:22,404,9
23,99,3,14,2025-01-06 18:42:46,2025-01-07 02:27:46,465,12
24,90,2,10,2025-11-28 05:32:57,2025-11-28 14:53:57,561,12
25,5,7,32,2024-04-19 03:15:11,2024-04-19 06:48:11,213,4
26,31,7,35,2025-09-11 09:17:48,2025-09-11 15:47:48,390,10
27,37,5,23,2025-01-14 12:04:03,2025-01-14 16:31:03,267,11
28,48,10,46,2024-03-24 17:44:14,2024-03-24 23:31:14,347,4
29,31,7,35,2024-12-04 09:49:58,2024-12-04 14:58:58,309,7
30,60,5,22,2025-11-14 14:27:30,2025-11-14 17:56:30,209,6
31,45,3,13,2025-08-21 05:31:55,2025-08-21 08:04:55,153,5
32,42,2,9,2024-01-13 20:11:18,2024-01-14 00:44:18,273,4
33,20,3,14,2024-11-15 05:04:57,2024-11-15 11:09:57,365,12
34,80,10,47,2024-05-24 03:52:14,2024-05-24 06:15:14,143,3
35,96,1,1,2025-09-17 17:08:49,2025-09-17 22:49:49,341,9
36,82,10,50,2024-07-31 10:13:09,2024-07-31 12:16:09,123,0
37,35,5,21,2024-08-04 15:54:14,2024-08-04 21:05:14,311,7
38,18,6,30,2025-09-03 07:00:44,2025-09-03 16:44:44,584,14
39,48,10,50,2024-05-12 18:27:58,2024-05-13 01:07:58,400,9
40,20,3,11,2024-11-25 17:50:18,2024-11-25 18:51:18,61,1
41,61,4,18,2025-07-30 07:35:46,2025-07-30 13:04:46,329,1
42,31,7,32,2025-12-18 01:00:16,2025-12-18 08:06:16,426,20
43,67,8,38,2025-09-22 17:03:38,2025-09-22 21:40:38,277,5
44,97,8,37,2025-09-02 07:53:17,2025-09-02 12:14:17,261,3
45,75,4,16,2025-12-23 22:23:11,2025-12-24 00:29:11,126,6
46,64,4,17,2024-06-14 13:33:00,2024-06-14 19:06:00,333,6
47,14,10,50,2024-05-21 15:59:52,2024-05-21 17:07:52,68,1
48,62,6,28,2025-07-26 15:37:57,2025-07-27 00:32:57,535,13
49,62,6,29,2025-06-06 09:20:30,2025-06-06 14:29:30,309,7
50,93,5,22,2024-02-06 13:23:04,2024-02-06 18:04:04,281,3
51,9,1,5,2024-02-24 15:11:46,2024-02-24 21:37:46,386,16
52,1,5,24,2025-10-24 00:05:28,2025-10-24 02:26:28,141,3
53,29,1,2,2025-01-10 13:44:49,2025-01-10 18:51:49,307,8
54,83,6,28,2025-03-03 11:34:21,2025-03-03 19:22:21,468,8
55,18,6,30,2024-12-04 02:24:23,2024-12-04 08:20:23,356,10
56,20,3,14,2025-01-24 10:02:32,2025-01-24 16:30:32,388,9
57,89,3,15,2024-05-31 07:53:20,2024-05-31 16:37:20,524,18
58,61,4,17,2024-08-22 05:13:01,2024-08-22 10:36:01,323,8
59,6,5,25,2024-08-31 16:26:43,2024-08-31 18:59:43,153,6
60,67,8,39,2024-04-11 12:11:50,2024-04-11 21:51:50,580,9
61,29,1,2,2025-05-01 23:10:49,2025-05-02 06:26:49,436,6
62,13,6,26,2025-01-23 10:39:33,2025-01-23 18:14:33,455,5
63,31,7,35,2024-05-02 14:35:37,2024-05-02 22:55:37,500,14
64,69,9,44,2025-08-12 19:08:36,2025-08-13 04:02:36,534,9
65,90,2,10,2024-11-16 20:51:49,2024-11-17 01:46:49,295,5
66,98,1,2,2025-07-11 22:13:24,2025-07-12 00:23:24,130,1
67,100,6,30,2025-05-08 19:24:58,2025-05-08 20:37:58,73,3
68,12,2,7,2025-01-20 01:16:38,2025-01-20 05:10:38,234,13
69,62,6,28,2024-07-21 18:48:44,2024-07-22 00:29:44,341,5
70,90,2,7,2024-04-03 06:22:14,2024-04-03 14:19:14,477,13
71,28,8,38,2025-05-25 16:53:48,2025-05-26 02:12:48,559,15
72,65,4,16,2025-03-08 01:54:51,2025-03-08 11:22:51,568,17
73,3,8,38,2024-05-09 03:18:02,2024-05-09 05:42:02,144,1
74,87,1,3,2025-03-12 07:42:10,2025-03-12 13:01:10,319,4
75,47,5,24,2024-05-26 22:10:41,2024-05-26 23:52:41,102,1
76,11,3,12,2025-02-14 00:35:34,2025-02-14 03:07:34,152,6
77,40,8,40,2025-07-22 15:56:43,2025-07-22 18:41:43,165,5
78,61,4,16,2024-12-18 07:04:28,2024-12-18 12:50:28,346,7
79,93,5,24,2024-08-12 01:14:56,2024-08-12 07:19:56,365,10
80,12,2,10,2024-03-12 03:10:46,2024-03-12 06:38:46,208,7
81,81,5,23,2025-04-08 14:58:01,2025-04-08 19:39:01,281,8
82,67,8,39,2024-01-20 17:41:18,2024-01-21 02:15:18,514,9
83,80,10,48,2024-04-05 03:09:54,2024-04-05 04:45:54,96,2
84,11,3,13,2025-07-12 11:36:00,2025-07-12 12:45:00,69,4
85,15,2,9,2025-03-29 01:19:50,2025-03-29 09:17:50,478,13
86,67,8,40,2025-04-14 03:20:08,2025-04-14 08:59:08,339,7
87,98,1,1,2024-06-19 15:40:38,2024-06-19 17:46:38,126,2
88,12,2,9,2024-03-24 17:43:18,2024-03-24 19:53:18,130,3
89,37,5,21,2025-12-08 20:24:43,2025-12-09 01:54:43,330,12
90,74,9,43,2024-12-14 03:02:07,2024-12-14 04:29:07,87,2
91,93,5,25,2024-12-16 16:45:36,2024-12-16 19:03:36,138,0
92,65,4,18,2025-10-18 18:08:59,2025-10-19 01:30:59,442,11
93,5,7,34,2024-03-01 01:58:59,2024-03-01 04:45:59,167,7
94,43,4,19,2025-01-24 07:22:41,2025-01-24 09:59:41,157,3
95,37,5,21,2024-06-08 21:15:54,2024-06-09 04:07:54,412,12
96,28,8,36,2025-12-03 11:16:56,2025-12-03 15:20:56,244,6
97,15,2,9,2025-07-01 13:38:39,2025-07-01 18:44:39,306,6
98,80,10,47,2024-07-03 20:33:37,2024-07-03 21:35:37,62,3
99,93,5,21,2024-12-08 17:28:40,2024-12-08 18:40:40,72,1
100,64,4,20,2025-11-25 11:06:18,2025-11-25 18:06:18,420,12
101,80,10,47,2025-04-21 08:56:12,2025-04-21 10:33:12,97,0
102,81,5,21,2024-08-22 04:14:08,2024-08-22 11:11:08,417,10
103,80,10,49,2025-08-07 20:16:15,2025-08-07 23:14:15,178,3
104,98,1,1,2024-03-02 03:30:38,2024-03-02 11:00:38,450,15
105,43,4,20,2024-11-02 23:33:56,2024-11-03 02:38:56,185,3
106,81,5,21,2025-03-26 09:14:36,2025-03-26 11:11:36,117,2
107,13,6,30,2025-11-15 21:33:17,2025-11-16 07:31:17,598,15
108,39,6,27,2025-02-26 17:59:20,2025-02-26 22:00:20,241,1
109,37,5,21,2024-09-02 04:46:14,2024-09-02 10:24:14,338,4
110,2,6,26,2025-01-09 08:15:15,2025-01-09 10:02:15,107,1
111,48,10,48,2025-06-23 16:38:02,2025-06-24 02:25:02,587,16
112,32,8,40,2024-10-06 20:16:18,2024-10-07 03:37:18,441,13
113,94,6,26,2024-10-18 18:10:27,2024-10-19 03:23:27,553,7
114,77,10,50,2024-06-13 02:51:31,2024-06-13 06:33:31,222,6
115,21,5,23,2025-01-06 15:50:08,2025-01-06 18:13:08,143,3
116,16,3,12,2025-11-07 00:27:36,2025-11-07 04:28:36,241,3
117,90,2,9,2025-05-27 02:43:37,2025-05-27 07:10:37,267,1
118,75,4,19,2024-03-04 10:32:39,2024-03-04 12:51:39,139,2
119,83,6,28,2024-04-24 19:21:21,2024-04-24 23:43:21,262,6
120,59,5,21,2025-10-19 17:46:25,2025-10-19 20:14:25,148,2
121,62,6,30,2024-09-11 00:43:44,2024-09-11 08:25:44,462,8
122,1,5,25,2024-12-11 12:51:19,2024-12-11 14:53:19,122,2
123,46,1,2,2025-07-21 21:42:01,2025-07-22 01:07:01,205,4
124,36,7,34,2024-07-23 09:05:03,2024-07-23 14:32:03,327,5
125,91,9,43,2024-03-23 07:34:50,2024-03-23 09:20:50,106,3
126,96,1,4,2025-05-20 11:23:03,2025-05-20 15:49:03,266,9
127,62,6,27,2025-04-16 01:56:33,2025-04-16 10:41:33,525,15
128,84,4,17,2024-11-05 16:20:05,2024-11-05 18:13:05,113,8
129,57,8,40,2025-09-17 06:43:21,2025-09-17 12:46:21,363,6
130,29,1,4,2024-03-24 12:44:56,2024-03-24 22:17:56,573,10
131,78,4,20,2024-03-15 06:57:41,2024-03-15 16:42:41,585,11
132,3,8,39,2024-07-21 00:10:21,2024-07-21 04:09:21,239,5
133,58,7,31,2024-03-01 17:52:04,2024-03-02 00:59:04,427,8
134,40,8,38,2024-12-01 05:39:22,2024-12-01 10:34:22,295,10
135,92,8,39,2024-11-02 12:45:18,2024-11-02 15:42:18,177,2
136,57,8,37,2025-05-24 16:19:03,2025-05-24 21:28:03,309,7
137,65,4,20,2025-11-05 07:17:24,2025-11-05 14:35:24,438,11
138,46,1,3,2025-09-20 17:31:55,2025-09-20 23:49:55,378,7
139,21,5,21,2024-07-06 13:33:54,2024-07-06 17:13:54,220,10
140,59,5,25,2025-10-06 14:06:08,2025-10-06 15:54:08,108,2
141,69,9,42,2025-07-06 12:20:59,2025-07-06 18:59:59,399,10
142,25,5,22,2024-04-09 13:12:44,2024-04-09 19:31:44,379,7
143,22,3,15,2025-12-12 15:23:05,2025-12-12 22:25:05,422,5
144,70,9,45,2025-11-04 19:08:34,2025-11-05 01:22:34,374,7
145,68,8,38,2024-12-25 15:11:44,2024-12-25 19:21:44,250,3
146,5,7,31,2025-03-17 23:35:47,2025-03-18 05:59:47,384,8
147,25,5,21,2025-11-26 03:20:53,2025-11-26 10:23:53,423,8
148,29,1,5,2025-03-24 23:18:30,2025-03-25 07:06:30,468,10
149,98,1,3,2025-09-29 01:18:59,2025-09-29 02:34:59,76,2
150,21,5,21,2025-12-18 21:43:47,2025-12-18 23:46:47,123,6
151,16,3,14,2025-09-12 01:36:35,2025-09-12 05:43:35,247,4
152,92,8,37,2024-10-10 16:24:56,2024-10-10 21:02:56,278,2
153,52,6,29,2024-04-11 01:03:34,2024-04-11 05:47:34,284,7
154,1,5,22,2024-09-23 08:35:17,2024-09-23 09:56:17,81,2
155,26,8,36,2025-05-10 03:51:38,2025-05-10 05:48:38,117,6
156,39,6,30,2025-10-07 08:57:36,2025-10-07 14:54:36,357,8
157,86,9,45,2024-06-05 10:05:07,2024-06-05 19:30:07,565,17
158,68,8,36,2025-02-20 04:24:01,2025-02-20 08:31:01,247,7
159,54,2,6,2025-02-05 18:06:24,2025-02-05 22:41:24,275,13
160,1,5,21,2024-06-16 06:37:15,2024-06-16 09:58:15,201,2
161,54,2,10,2024-12-23 02:35:10,2024-12-23 04:49:10,134,3
162,79,6,26,2025-05-18 10:47:27,2025-05-18 15:49:27,302,11
163,14,10,48,2024-04-16 00:59:58,2024-04-16 02:58:58,119,2
164,87,1,3,2025-10-23 01:02:30,2025-10-23 07:44:30,402,14
165,59,5,22,2024-07-27 14:32:21,2024-07-27 16:34:21,122,2
166,59,5,23,2025-06-14 06:51:26,2025-06-14 08:34:26,103,2
167,22,3,13,2025-09-12 03:07:44,2025-09-12 04:53:44,106,2
168,12,2,8,2024-10-25 17:04:48,2024-10-25 19:43:48,159,5
169,31,7,32,2024-09-22 07:43:29,2024-09-22 16:32:29,529,17
170,42,2,7,2024-01-31 00:26:47,2024-01-31 03:59:47,213,10
171,91,9,44,2024-02-25 12:44:02,2024-02-25 16:29:02,225,4
172,60,5,22,2024-11-22 18:35:18,2024-11-23 01:37:18,422,7
173,1,5,25,2024-09-01 13:15:39,2024-09-01 16:13:39,178,5
174,80,10,46,2025-08-30 04:16:08,2025-08-30 05:57:08,101,3
175,82,10,49,2024-10-03 07:59:02,2024-10-03 11:48:02,229,6
176,31,7,35,2025-06-04 13:30:18,2025-06-04 18:50:18,320,7
177,49,2,6,2025-03-09 23:29:28,2025-03-10 00:47:28,78,0
178,29,1,3,2024-06-06 00:37:25,2024-06-06 06:46:25,369,5
179,34,4,16,2025-01-12 21:51:06,2025-01-13 00:41:06,170,7
180,54,2,10,2024-12-16 20:34:49,2024-12-17 04:13:49,459,7
181,61,4,16,2024-04-09 13:10:11,2024-04-09 18:52:11,342,5
182,97,8,36,2024-11-23 23:06:35,2024-11-24 06:22:35,436,14
183,22,3,14,2025-07-23 22:23:28,2025-07-24 01:14:28,171,4
184,26,8,40,2025-08-01 02:53:25,2025-08-01 05:06:25,133,2
185,33,1,3,2024-03-17 01:32:18,2024-03-17 04:24:18,172,2
186,26,8,36,2024-11-25 16:29:52,2024-11-25 20:06:52,217,4
187,39,6,29,2024-03-17 01:34:49,2024-03-17 05:07:49,213,4
188,100,6,29,2024-05-24 16:44:51,2024-05-24 17:48:51,64,0
189,70,9,42,2024-11-22 11:30:23,2024-11-22 18:52:23,442,11
190,54,2,9,2024-05-01 14:18:10,2024-05-01 15:47:10,89,2
191,26,8,38,2025-03-22 07:01:19,2025-03-22 11:33:19,272,7
192,55,2,10,2025-10-10 18:28:56,2025-10-11 00:56:56,388,4
193,81,5,25,2025-02-15 11:22:15,2025-02-15 16:07:15,285,7
194,81,5,24,2025-08-30 14:48:02,2025-08-30 19:38:02,290,2
195,4,1,5,2024-04-24 00:10:49,2024-04-24 08:01:49,471,9
196,61,4,17,2025-02-28 14:39:13,2025-02-28 19:01:13,262,3
197,8,8,39,2024-10-25 04:17:46,2024-10-25 05:55:46,98,4
198,100,6,26,2024-11-13 08:53:44,2024-11-13 10:53:44,120,4
199,5,7,33,2024-02-24 09:42:39,2024-02-24 16:09:39,387,7
200,46,1,5,2024-12-03 21:41:40,2024-12-03 23:09:40,88,1
201,6,5,23,2025-01-04 10:45:17,2025-01-04 17:01:17,376,5
202,55,2,7,2024-07-05 09:41:45,2024-07-05 11:31:45,110,3
203,48,10,49,2025-01-03 06:36:10,2025-01-03 16:03:10,567,8
204,49,2,6,2025-10-16 17:25:38,2025-10-16 20:10:38,165,3
205,92,8,37,2025-07-22 21:23:27,2025-07-22 23:34:27,131,4
206,90,2,6,2024-07-08 00:29:34,2024-07-08 06:59:34,390,10
207,70,9,42,2024-10-17 15:11:40,2024-10-18 00:30:40,559,11
208,26,8,39,2024-04-12 17:38:49,2024-04-12 19:17:49,99,1
209,56,8,39,2024-07-27 00:31:20,2024-07-27 06:38:20,367,9
210,5,7,33,2024-02-28 05:44:03,2024-02-28 10:46:03,302,7
211,98,1,3,2024-01-12 16:02:38,2024-01-12 21:09:38,307,8
212,57,8,39,2024-05-11 03:44:30,2024-05-11 06:38:30,174,2
213,14,10,50,2024-09-05 18:33:05,2024-09-05 21:31:05,178,1
214,91,9,43,2025-01-27 05:12:06,2025-01-27 06:21:06,69,2
215,90,2,6,2024-02-20 19:25:39,2024-02-21 04:37:39,552,15
216,9,1,3,2025-07-07 21:13:37,2025-07-08 01:25:37,252,4
217,78,4,17,2025-12-15 23:26:52,2025-12-16 07:28:52,482,6
218,100,6,26,2024-03-08 16:47:30,2024-03-08 17:58:30,71,1
219,91,9,45,2025-12-09 17:13:18,2025-12-09 19:45:18,152,4
220,15,2,7,2025-02-04 19:09:00,2025-02-05 03:36:00,507,9
221,35,5,22,2025-10-10 18:21:34,2025-10-11 01:08:34,407,10
222,11,3,13,2024-11-01 10:55:47,2024-11-01 14:55:47,240,1
223,74,9,45,2025-10-22 13:09:43,2025-10-22 16:49:43,220,6
224,70,9,43,2024-08-29 14:40:46,2024-08-29 20:50:46,370,4
225,48,10,50,2024-01-23 00:07:40,2024-01-23 05:29:40,322,14
226,36,7,33,2024-12-08 07:54:10,2024-12-08 11:04:10,190,5
227,59,5,21,2025-10-26 09:55:38,2025-10-26 13:19:38,204,4
228,38,4,17,2024-10-20 22:06:13,2024-10-21 01:49:13,223,7
229,86,9,41,2025-01-31 14:12:01,2025-01-31 23:35:01,563,22
230,74,9,41,2024-06-22 03:20:21,2024-06-22 07:49:21,269,10
231,84,4,17,2024-01-12 11:47:27,2024-01-12 18:35:27,408,10
232,52,6,29,2024-09-29 05:40:30,2024-09-29 09:32:30,232,8
233,43,4,19,2025-03-25 17:04:39,2025-03-25 19:13:39,129,2
234,49,2,6,2024-05-25 07:52:54,2024-05-25 10:24:54,152,2
235,21,5,23,2025-10-09 22:21:25,2025-10-10 00:01:25,100,1
236,14,10,46,2025-01-31 14:14:11,2025-01-31 15:47:11,93,3
237,79,6,28,2024-08-07 23:11:16,2024-08-08 00:57:16,106,2
238,90,2,7,2025-03-19 03:38:25,2025-03-19 11:38:25,480,7
239,40,8,40,2024-05-10 02:46:07,2024-05-10 07:49:07,303,8
240,98,1,4,2025-02-22 18:22:00,2025-02-23 00:55:00,393,13
241,59,5,25,2025-02-07 04:41:19,2025-02-07 06:47:19,126,4
242,79,6,27,2025-05-03 20:47:40,2025-05-04 00:42:40,235,3
243,96,1,2,2025-02-24 22:59:21,2025-02-25 03:15:21,256,3
244,82,10,46,2024-02-21 10:13:15,2024-02-21 12:55:15,162,5
245,49,2,10,2024-12-28 23:43:55,2024-12-29 02:29:55,166,7
246,83,6,27,2024-11-16 16:16:55,2024-11-16 19:46:55,210,3
247,42,2,10,2024-05-11 16:15:27,2024-05-11 21:09:27,294,4
248,31,7,32,2025-07-18 17:13:59,2025-07-19 00:02:59,409,7
249,47,5,25,2024-11-03 21:26:44,2024-11-03 22:57:44,91,0
250,97,8,39,2025-07-09 18:39:32,2025-07-10 03:00:32,501,9
251,15,2,10,2025-12-21 03:47:24,2025-12-21 12:28:24,521,12
252,12,2,9,2024-01-29 20:18:05,2024-01-29 22:47:05,149,4
253,21,5,22,2024-03-07 17:11:18,2024-03-07 21:06:18,235,7
254,18,6,26,2025-02-05 14:33:28,2025-02-05 19:52:28,319,12
255,48,10,50,2024-01-25 09:38:32,2024-01-25 15:39:32,361,10
256,57,8,40,2025-06-27 07:11:18,2025-06-27 10:00:18,169,0
257,86,9,44,2025-10-04 01:25:04,2025-10-04 07:00:04,335,10
258,81,5,25,2024-10-09 17:43:36,2024-10-09 21:07:36,204,5
259,67,8,38,2024-04-15 15:32:49,2024-04-15 21:11:49,339,11
260,93,5,21,2025-04-20 21:20:06,2025-04-21 05:19:06,479,10
261,32,8,37,2025-04-20 18:28:31,2025-04-20 21:55:31,207,1
262,62,6,28,2024-05-22 16:07:41,2024-05-23 00:36:41,509,8
263,22,3,11,2024-10-29 22:06:34,2024-10-30 05:21:34,435,8
264,96,1,5,2024-05-17 21:43:56,2024-05-18 01:40:56,237,6
265,6,5,21,2025-11-01 04:40:09,2025-11-01 07:23:09,163,2
266,69,9,45,2024-10-12 18:46:49,2024-10-13 00:49:49,363,4
267,46,1,3,2025-10-23 00:05:42,2025-10-23 03:48:42,223,7
268,79,6,26,2024-09-12 13:29:42,2024-09-12 18:28:42,299,7
269,70,9,45,2025-09-05 21:18:39,2025-09-06 06:13:39,535,13
270,57,8,36,2025-03-21 23:33:52,2025-03-22 03:40:52,247,5
271,59,5,25,2024-08-26 06:36:42,2024-08-26 07:53:42,77,1
272,83,6,30,2025-03-24 12:49:45,2025-03-24 16:24:45,215,3
273,56,8,40,2025-12-20 20:58:03,2025-12-21 04:18:03,440,9
274,74,9,42,2024-01-24 07:52:29,2024-01-24 13:05:29,313,10
275,4,1,1,2024-03-02 09:16:26,2024-03-02 18:47:26,571,8
276,78,4,16,2025-04-14 10:47:47,2025-04-14 17:11:47,384,13
277,55,2,6,2024-09-10 19:58:44,2024-09-11 00:53:44,295,6
278,82,10,48,2025-02-10 12:39:48,2025-02-10 14:55:48,136,6
279,48,10,50,2025-08-10 06:36:29,2025-08-10 14:53:29,497,9
280,62,6,29,2024-05-13 19:23:53,2024-05-13 23:35:53,252,6
281,80,10,48,2024-02-26 13:09:21,2024-02-26 14:22:21,73,1
282,89,3,13,2024-12-22 07:09:24,2024-12-22 14:52:24,463,13
283,90,2,10,2024-02-24 16:32:02,2024-02-25 02:17:02,585,21
284,12,2,6,2025-09-25 03:30:23,2025-09-25 05:06:23,96,1
285,49,2,7,2025-03-22 20:06:09,2025-03-22 23:36:09,210,3
286,5,7,33,2025-10-08 14:23:00,2025-10-08 16:00:00,97,3
287,22,3,15,2024-02-15 21:15:49,2024-02-16 03:24:49,369,7
288,52,6,26,2025-10-04 14:17:08,2025-10-04 15:30:08,73,3
289,91,9,44,2025-12-08 18:29:56,2025-12-08 20:06:56,97,2
290,21,5,24,2024-02-23 23:48:19,2024-02-24 02:01:19,133,3
291,83,6,28,2024-02-29 06:39:51,2024-02-29 12:43:51,364,4
292,45,3,12,2025-04-25 14:54:07,2025-04-25 17:06:07,132,6
293,84,4,16,2025-10-01 03:01:59,2025-10-01 08:18:59,317,11
294,35,5,24,2024-10-20 10:42:41,2024-10-20 18:26:41,464,13
295,10,3,15,2024-06-19 04:42:59,2024-06-19 10:16:59,334,9
296,61,4,17,2025-12-16 10:04:17,2025-12-16 16:46:17,402,5
297,65,4,18,2024-02-15 01:36:12,2024-02-15 10:06:12,510,16
298,52,6,27,2024-11-10 05:59:36,2024-11-10 08:52:36,173,8
299,91,9,44,2025-10-11 17:02:01,2025-10-11 19:33:01,151,4
300,26,8,37,2025-01-20 07:36:33,2025-01-20 10:52:33,196,11
301,62,6,27,2024-09-25 14:06:19,2024-09-25 23:35:19,569,15
302,87,1,3,2024-09-29 06:08:41,2024-09-29 09:41:41,213,5
303,35,5,24,2025-07-05 06:45:41,2025-07-05 13:37:41,412,10
304,36,7,32,2024-05-18 13:03:54,2024-05-18 14:48:54,105,3
305,68,8,38,2025-03-13 05:25:37,2025-03-13 10:07:37,282,4
306,37,5,21,2025-08-14 20:20:54,2025-08-14 23:39:54,199,8
307,90,2,6,2024-03-02 11:30:20,2024-03-02 21:07:20,577,19
308,26,8,39,2025-03-06 13:50:40,2025-03-06 16:58:40,188,7
309,21,5,22,2024-08-01 21:45:11,2024-08-01 23:53:11,128,2
310,1,5,25,2025-12-24 12:48:19,2025-12-24 16:05:19,197,5
311,1,5,23,2024-01-05 13:10:37,2024-01-05 16:47:37,217,5
312,77,10,47,2025-08-06 17:24:39,2025-08-06 21:23:39,239,8
313,89,3,14,2024-07-12 02:47:41,2024-07-12 08:38:41,351,3
314,55,2,9,2025-03-10 16:40:58,2025-03-10 17:48:58,68,2
315,42,2,9,2025-08-04 15:41:17,2025-08-04 22:42:17,421,10
316,72,10,50,2025-01-21 23:49:39,2025-01-22 05:17:39,328,12
317,34,4,17,2024-05-31 17:59:16,2024-05-31 19:30:16,91,1
318,54,2,7,2025-09-30 13:16:55,2025-09-30 15:55:55,159,4
319,9,1,1,2024-09-06 10:05:07,2024-09-06 15:31:07,326,9
320,26,8,38,2024-06-04 10:48:38,2024-06-04 12:43:38,115,2
321,81,5,21,2025-03-21 04:20:06,2025-03-21 09:33:06,313,7
322,75,4,20,2025-04-14 00:10:03,2025-04-14 02:48:03,158,3
323,3,8,36,2024-09-24 19:13:02,2024-09-24 22:54:02,221,6
324,93,5,24,2025-09-19 03:42:53,2025-09-19 07:07:53,205,4
325,47,5,23,2025-02-14 07:15:00,2025-02-14 14:41:00,446,5
326,42,2,10,2025-09-29 23:17:37,2025-09-30 05:05:37,348,7
327,62,6,27,2025-03-31 17:19:39,2025-03-31 22:37:39,318,5
328,74,9,45,2024-01-05 11:57:47,2024-01-05 17:50:47,353,8
329,91,9,42,2024-04-10 10:50:51,2024-04-10 12:59:51,129,1
330,48,10,46,2024-06-16 05:21:07,2024-06-16 09:47:07,266,8
331,33,1,5,2024-09-22 12:52:05,2024-09-22 19:42:05,410,8
332,31,7,33,2025-04-02 12:01:41,2025-04-02 21:18:41,557,7
333,43,4,18,2024-07-16 08:55:39,2024-07-16 14:10:39,315,9
334,1,5,22,2025-10-21 06:24:29,2025-10-21 08:08:29,104,4
335,99,3,11,2024-04-27 06:57:39,2024-04-27 14:42:39,465,7
336,34,4,19,2024-01-18 20:31:54,2024-01-19 00:27:54,236,4
337,81,5,22,2024-04-06 05:56:13,2024-04-06 09:28:13,212,7
338,9,1,2,2025-02-22 16:37:05,2025-02-23 00:26:05,469,14
339,33,1,3,2025-03-24 23:18:29,2025-03-25 02:45:29,207,7
340,60,5,21,2025-05-19 23:19:50,2025-05-20 02:05:50,166,1
341,64,4,18,2025-01-24 10:50:41,2025-01-24 20:12:41,562,14
342,38,4,18,2025-09-03 03:32:31,2025-09-03 06:30:31,178,5
343,37,5,22,2025-09-29 20:55:12,2025-09-30 00:20:12,205,4
344,40,8,40,2025-07-06 16:39:41,2025-07-06 19:19:41,160,7
345,48,10,47,2024-05-12 15:54:20,2024-05-13 00:18:20,504,12
346,33,1,2,2025-11-21 23:09:02,2025-11-22 00:15:02,66,2
347,31,7,35,2025-05-01 16:09:43,2025-05-01 20:12:43,243,2
348,33,1,4,2024-06-18 15:56:10,2024-06-18 18:13:10,137,6
349,56,8,36,2024-11-17 10:27:59,2024-11-17 17:09:59,402,4
350,82,10,47,2024-10-25 00:35:31,2024-10-25 04:24:31,229,6
351,80,10,48,2024-11-12 18:20:10,2024-11-12 20:36:10,136,1
352,60,5,23,2024-03-07 03:33:04,2024-03-07 08:14:04,281,8
353,98,1,4,2025-07-27 15:55:29,2025-07-27 22:08:29,373,9
354,42,2,8,2024-12-04 21:45:18,2024-12-05 05:31:18,466,8
355,33,1,5,2025-01-09 15:51:48,2025-01-09 19:32:48,221,2
356,33,1,5,2024-01-18 13:40:01,2024-01-18 16:19:01,159,2
357,92,8,37,2025-02-21 19:38:22,2025-02-22 02:14:22,396,13
358,65,4,18,2024-10-06 23:45:39,2024-10-07 05:47:39,362,7
359,48,10,50,2024-08-20 17:00:05,2024-08-21 01:50:05,530,13
360,14,10,50,2024-09-01 10:39:59,2024-09-01 13:49:59,190,8
361,58,7,31,2024-09-12 07:31:34,2024-09-12 14:01:34,390,10
362,10,3,14,2025-11-12 14:21:53,2025-11-12 20:28:53,367,13
363,49,2,9,2025-12-14 08:28:44,2025-12-14 11:16:44,168,0
364,49,2,8,2024-11-07 00:20:59,2024-11-07 02:19:59,119,3
365,99,3,11,2025-07-07 23:40:47,2025-07-08 05:17:47,337,7
366,93,5,25,2024-03-24 20:14:56,2024-03-25 01:36:56,322,7
367,100,6,29,2025-09-27 16:35:19,2025-09-27 19:33:19,178,8
368,48,10,46,2025-01-08 12:02:33,2025-01-08 21:12:33,550,11
369,28,8,39,2024-04-09 04:42:21,2024-04-09 09:59:21,317,9
370,18,6,26,2024-10-16 22:14:19,2024-10-17 02:43:19,269,5
371,58,7,35,2024-03-23 18:41:48,2024-03-23 22:26:48,225,7
372,57,8,37,2024-10-29 06:13:43,2024-10-29 08:21:43,128,3
373,59,5,25,2024-06-17 13:18:04,2024-06-17 16:35:04,197,7
374,5,7,33,2025-01-18 17:38:08,2025-01-19 01:31:08,473,10
375,35,5,24,2025-09-09 03:44:11,2025-09-09 10:04:11,380,9
376,61,4,16,2025-05-17 15:52:43,2025-05-17 22:29:43,397,9
377,47,5,21,2024-04-08 08:34:01,2024-04-08 16:15:01,461,12
378,12,2,6,2024-01-29 06:35:41,2024-01-29 09:22:41,167,1
379,48,10,50,2025-08-27 09:55:02,2025-08-27 15:38:02,343,9
380,80,10,47,2024-06-14 13:25:35,2024-06-14 16:20:35,175,5
381,47,5,21,2025-02-12 06:56:57,2025-02-12 14:52:57,476,7
382,39,6,27,2025-06-05 18:29:12,2025-06-05 21:52:12,203,2
383,65,4,20,2025-06-04 02:25:29,2025-06-04 10:35:29,490,12
384,83,6,26,2025-12-11 10:07:37,2025-12-11 13:24:37,197,3
385,38,4,20,2025-10-25 06:06:47,2025-10-25 12:04:47,358,7
386,91,9,44,2025-04-18 00:07:09,2025-04-18 02:48:09,161,5
387,64,4,19,2025-03-17 02:09:20,2025-03-17 09:16:20,427,6
388,65,4,16,2025-12-07 15:26:34,2025-12-08 00:44:34,558,15
389,64,4,20,2025-09-21 07:44:51,2025-09-21 17:01:51,557,11
390,70,9,41,2025-01-24 16:29:35,2025-01-25 01:04:35,515,8
391,90,2,10,2025-11-27 23:31:09,2025-11-28 05:13:09,342,8
392,55,2,7,2025-05-04 21:15:53,2025-05-05 00:35:53,200,10
393,56,8,39,2024-05-25 23:39:56,2024-05-26 04:15:56,276,5
394,96,1,1,2025-06-02 01:56:32,2025-06-02 04:39:32,163,3
395,86,9,41,2024-07-29 20:35:15,2024-07-30 06:20:15,585,11
396,72,10,47,2025-04-03 23:57:35,2025-04-04 09:48:35,591,8
397,9,1,4,2025-08-16 14:24:08,2025-08-16 19:18:08,294,4
398,84,4,16,2025-05-04 00:26:54,2025-05-04 08:17:54,471,10
399,65,4,20,2024-06-20 04:31:38,2024-06-20 10:23:38,352,8
400,42,2,8,2025-02-23 12:09:58,2025-02-23 19:52:58,463,16
401,64,4,16,2024-05-27 06:45:35,2024-05-27 11:53:35,308,11
402,1,5,21,2024-05-18 22:01:09,2024-05-19 01:51:09,230,6
403,1,5,21,2025-02-03 21:03:45,2025-02-04 00:34:45,211,4
404,69,9,43,2024-05-07 03:04:40,2024-05-07 10:56:40,472,15
405,18,6,26,2024-02-28 06:36:06,2024-02-28 12:24:06,348,9
406,55,2,6,2025-06-10 15:57:50,2025-06-10 19:12:50,195,3
407,49,2,7,2025-09-12 05:41:13,2025-09-12 08:35:13,174,3
408,8,8,37,2025-01-17 03:31:26,2025-01-17 06:22:26,171,4
409,78,4,18,2024-04-11 00:08:58,2024-04-11 09:51:58,583,15
410,43,4,16,2024-12-18 22:14:02,2024-12-19 00:00:02,106,3
411,93,5,23,2024-12-07 09:37:08,2024-12-07 17:12:08,455,6
412,18,6,29,2025-06-18 11:44:23,2025-06-18 18:32:23,408,6
413,70,9,41,2024-08-02 06:25:14,2024-08-02 11:02:14,277,5
414,58,7,31,2024-03-21 23:43:20,2024-03-22 06:13:20,390,11
415,36,7,33,2024-02-04 18:56:53,2024-02-05 01:32:53,396,10
416,18,6,29,2025-11-09 03:25:21,2025-11-09 08:06:21,281,5
417,12,2,7,2024-07-27 09:54:10,2024-07-27 13:21:10,207,4
418,86,9,41,2025-10-09 14:45:27,2025-10-09 23:26:27,521,15
419,74,9,42,2024-11-05 01:17:23,2024-11-05 04:55:23,218,2
420,57,8,40,2024-02-23 15:21:54,2024-02-23 18:37:54,196,2
421,91,9,42,2024-01-30 11:41:46,2024-01-30 13:19:46,98,1
422,74,9,42,2024-02-14 14:34:04,2024-02-14 20:03:04,329,6
423,74,9,45,2025-06-18 10:38:53,2025-06-18 18:33:53,475,20
424,94,6,30,2025-03-23 01:48:39,2025-03-23 09:08:39,440,7
425,82,10,48,2025-11-23 23:43:44,2025-11-24 01:02:44,79,1
426,48,10,46,2025-07-07 19:47:29,2025-07-08 04:32:29,525,12
427,64,4,20,2024-08-14 01:22:03,2024-08-14 08:54:03,452,6
428,4,1,3,2025-05-20 14:24:47,2025-05-20 21:50:47,446,5
429,38,4,18,2025-06-25 04:03:52,2025-06-25 06:04:52,121,2
430,26,8,36,2024-10-05 04:59:43,2024-10-05 09:03:43,244,6
431,13,6,29,2024-12-28 00:04:58,2024-12-28 05:54:58,350,7
432,99,3,15,2025-09-10 11:30:25,2025-09-10 17:41:25,371,15
433,35,5,25,2024-12-03 15:45:08,2024-12-03 22:51:08,426,7
434,3,8,36,2025-05-12 18:17:02,2025-05-12 21:48:02,211,8
435,13,6,29,2025-07-17 08:08:34,2025-07-17 12:18:34,250,5
436,87,1,1,2025-04-02 09:45:27,2025-04-02 11:23:27,98,1
437,67,8,37,2025-10-26 11:46:34,2025-10-26 21:43:34,597,15
438,38,4,19,2025-05-06 22:51:35,2025-05-07 00:13:35,82,1
439,42,2,7,2025-08-02 00:11:31,2025-08-02 02:09:31,118,3
440,68,8,37,2024-01-20 19:20:48,2024-01-20 23:10:48,230,6
441,31,7,31,2025-09-09 19:59:40,2025-09-10 03:36:40,457,13
442,25,5,24,2024-02-26 00:31:58,2024-02-26 09:37:58,546,7
443,43,4,16,2024-04-05 06:45:19,2024-04-05 10:23:19,218,6
444,69,9,41,2025-12-01 17:40:58,2025-12-01 23:06:58,326,6
445,83,6,27,2024-11-20 10:04:37,2024-11-20 17:13:37,429,13
446,77,10,48,2024-02-21 17:37:41,2024-02-21 20:23:41,166,1
447,6,5,24,2024-07-22 19:11:19,2024-07-22 20:52:19,101,4
448,90,2,6,2025-09-13 21:12:37,2025-09-14 07:07:37,595,13
449,28,8,38,2025-12-21 20:10:11,2025-12-22 01:24:11,314,6
450,89,3,13,2024-08-09 20:07:30,2024-08-10 03:21:30,434,9
451,83,6,29,2025-03-08 21:23:43,2025-03-09 03:21:43,358,6
452,59,5,22,2025-05-28 04:50:16,2025-05-28 07:04:16,134,1
453,98,1,3,2024-08-22 05:59:24,2024-08-22 10:06:24,247,5
454,57,8,38,2024-12-25 14:20:35,2024-12-25 15:29:35,69,1
455,12,2,10,2025-06-26 07:35:33,2025-06-26 08:50:33,75,2
456,86,9,42,2024-05-13 19:50:34,2024-05-14 04:36:34,526,16
457,81,5,23,2024-11-05 10:17:09,2024-11-05 13:17:09,180,3
458,93,5,24,2025-10-23 16:22:21,2025-10-23 19:32:21,190,5
459,54,2,9,2025-09-11 14:59:49,2025-09-11 19:58:49,299,8
460,28,8,40,2024-01-04 14:46:21,2024-01-04 19:05:21,259,2
461,55,2,6,2025-10-23 23:49:27,2025-10-24 07:16:27,447,7
462,15,2,7,2025-01-29 03:06:57,2025-01-29 07:52:57,286,8
463,90,2,8,2024-02-08 09:22:07,2024-02-08 15:06:07,344,4
464,96,1,2,2024-07-12 07:15:29,2024-07-12 14:26:29,431,12
465,68,8,38,2024-03-03 04:07:15,2024-03-03 05:11:15,64,2
466,34,4,19,2024-01-04 05:02:32,2024-01-04 07:57:32,175,6
467,49,2,7,2025-09-30 22:26:19,2025-10-01 01:21:19,175,4
468,18,6,26,2024-04-15 03:09:37,2024-04-15 07:19:37,250,11
469,31,7,34,2025-12-27 19:47:19,2025-12-28 03:10:19,443,12
470,100,6,27,2025-04-30 10:03:09,2025-04-30 11:06:09,63,2
471,32,8,36,2025-03-29 20:13:05,2025-03-30 02:14:05,361,7
472,67,8,40,2025-12-16 06:55:29,2025-12-16 11:35:29,280,2
473,77,10,46,2024-11-10 22:07:27,2024-11-11 00:17:27,130,3
474,75,4,17,2025-07-21 21:22:33,2025-07-22 00:54:33,212,6
475,97,8,37,2025-02-10 09:15:00,2025-02-10 18:02:00,527,13
476,26,8,37,2025-02-10 05:01:07,2025-02-10 08:01:07,180,6
477,8,8,39,2024-11-29 00:18:07,2024-11-29 01:50:07,92,3
478,20,3,12,2025-12-10 03:05:28,2025-12-10 07:29:28,264,2
479,75,4,20,2025-03-16 21:07:49,2025-03-16 23:28:49,141,7
480,46,1,5,2024-04-11 18:13:59,2024-04-12 00:56:59,403,7
481,94,6,28,2025-06-12 16:24:04,2025-06-12 20:39:04,255,8
482,62,6,29,2025-02-02 01:08:39,2025-02-02 06:45:39,337,10
483,61,4,17,2024-08-02 17:23:49,2024-08-02 23:34:49,371,7
484,33,1,2,2025-05-17 13:53:45,2025-05-17 20:13:45,380,11
485,18,6,30,2024-02-22 19:04:37,2024-02-23 04:16:37,552,10
486,33,1,3,2024-02-05 13:26:32,2024-02-05 17:42:32,256,5
487,70,9,43,2024-12-03 02:09:40,2024-12-03 07:19:40,310,7
488,28,8,40,2025-06-13 14:52:24,2025-06-13 21:01:24,369,9
489,98,1,2,2025-11-14 20:13:46,2025-11-14 22:34:46,141,3
490,10,3,13,2024-03-08 22:33:44,2024-03-09 01:01:44,148,5
491,14,10,49,2024-04-21 10:23:04,2024-04-21 12:47:04,144,3
492,77,10,50,2024-03-29 19:31:13,2024-03-29 23:00:13,209,6
493,31,7,34,2025-08-25 01:32:54,2025-08-25 09:27:54,475,6
494,25,5,24,2024-02-13 23:21:50,2024-02-14 06:57:50,456,10
495,56,8,39,2024-10-21 22:26:35,2024-10-22 04:17:35,351,9
496,33,1,1,2025-09-13 04:17:27,2025-09-13 06:58:27,161,3
497,81,5,23,2024-01-25 17:50:46,2024-01-25 21:21:46,211,2
498,32,8,36,2024-01-08 16:22:41,2024-01-08 17:42:41,80,4
499,93,5,25,2025-11-07 09:37:02,2025-11-07 14:07:02,270,10
500,43,4,20,2025-09-08 14:34:34,2025-09-08 16:30:34,116,1
