driver_id,first_name,last_name,gender,date_of_birth,registration_date,city_id,driver_type,status,rating,total_rides,updated_at
1,Andrew,Parker,Female,1990-05-22,2024-07-30,5,Part-Time,Active,4.8,315,2024-07-30T00:00:00
2,Matthew,Miranda,Female,1980-05-04,2024-09-19,6,Regular,Active,4.1,4475,2024-09-19T00:00:00
3,Jeremy,Taylor,Male,1978-10-31,2024-10-27,8,Part-Time,Active,4.4,776,2024-10-27T00:00:00
4,Kenneth,French,Male,1971-01-06,2025-07-02,1,Full-Time,Active,4.4,6902,2025-07-02T00:00:00
5,Kelli,Conley,Male,2000-04-24,2025-01-25,7,Regular,Active,4.9,3711,2025-01-25T00:00:00
6,Benjamin,Rogers,Other,2001-08-06,2024-11-22,5,Premium,Active,4.6,2555,2024-11-22T00:00:00
7,Carla,Moore,Female,1974-09-07,2025-08-10,4,Regular,Inactive,4.5,4718,2025-08-10T00:00:00
8,Marie,Wise,Male,1978-01-26,2025-07-25,8,Part-Time,Active,4.3,861,2025-07-25T00:00:00
9,Jennifer,Williams,Female,1977-01-11,2024-12-06,1,Regular,Active,4.6,4462,2024-12-06T00:00:00
10,Erica,Young,Male,1990-07-22,2024-06-14,3,Regular,Active,4.9,4807,2024-06-14T00:00:00
11,Cheryl,Goodwin,Female,1995-12-29,2024-12-18,3,Regular,Active,4.5,4954,2024-12-18T00:00:00
12,Jesus,Allen,Male,1996-04-25,2024-08-26,2,Part-Time,Active,4.2,1187,2024-08-26T00:00:00
13,Rebecca,Lee,Male,1997-09-06,2024-09-21,6,Full-Time,Active,4.4,4662,2024-09-21T00:00:00
14,Tracey,Murray,Female,2004-07-31,2024-07-01,10,Part-Time,Active,4.6,1074,2024-07-01T00:00:00
15,Kimberly,Shaw,Female,1984-12-09,2024-03-03,2,Full-Time,Active,4.5,3204,2024-03-03T00:00:00
16,Tammy,Montoya,Female,1994-04-03,2024-05-18,3,Regular,Active,4.5,4729,2024-05-18T00:00:00
17,Monique,Williams,Female,1975-03-08,2024-12-23,6,Regular,Inactive,4.5,4186,2024-12-23T00:00:00
18,Morgan,Spencer,Male,1998-06-21,2025-04-13,6,Full-Time,Active,4.6,7393,2025-04-13T00:00:00
19,Jennifer,Black,Female,1972-09-29,2024-07-30,7,Regular,Inactive,4.6,443,2024-07-30T00:00:00
20,Justin,Hines,Male,1974-04-01,2025-07-01,3,Regular,Active,4.5,4955,2025-07-01T00:00:00
21,Shannon,Palmer,Male,1984-04-30,2025-05-20,5,Part-Time,Active,4.6,426,2025-05-20T00:00:00
22,Christopher,Lozano,Female,1995-07-15,2024-03-19,3,Regular,Active,4.9,1571,2024-03-19T00:00:00
23,Nicole,Arias,Male,1996-06-18,2024-06-09,9,Part-Time,Inactive,4.5,831,2024-06-09T00:00:00
24,Brian,Shaw,Female,1993-12-31,2024-11-04,9,Premium,Inactive,4.4,3699,2024-11-04T00:00:00
25,Paul,Miller,Male,1981-10-23,2024-08-25,5,Full-Time,Active,5.0,4193,2024-08-25T00:00:00
26,Anthony,Galvan,Male,1981-01-16,2025-02-03,8,Regular,Active,4.8,2857,2025-02-03T00:00:00
27,Lacey,Taylor,Male,1988-07-31,2025-08-29,5,Regular,Inactive,4.3,828,2025-08-29T00:00:00
28,Samantha,Kennedy,Female,1985-04-15,2024-01-19,8,Full-Time,Active,4.8,3759,2024-01-19T00:00:00
29,Katherine,Harrison,Female,1975-03-18,2024-07-12,1,Full-Time,Active,4.4,7855,2024-07-12T00:00:00
30,Rebecca,Smith,Male,1966-02-14,2024-11-08,3,Regular,Inactive,4.1,646,2024-11-08T00:00:00
31,Mary,Dunn,Male,1980-06-10,2025-01-01,7,Full-Time,Active,4.5,7649,2025-01-01T00:00:00
32,Rodney,Parsons,Male,2001-09-05,2024-12-16,8,Regular,Active,4.7,1858,2024-12-16T00:00:00
33,Kevin,Williams,Female,1981-12-08,2024-06-13,1,Regular,Active,4.8,2936,2024-06-13T00:00:00
34,Danielle,Dean,Female,1994-05-02,2025-04-27,4,Part-Time,Active,4.4,646,2025-04-27T00:00:00
35,Daniel,Stein,Male,1970-01-15,2024-07-02,5,Full-Time,Active,4.7,7849,2024-07-02T00:00:00
36,Allen,Robertson,Male,2002-03-30,2024-05-24,7,Regular,Active,4.8,1588,2024-05-24T00:00:00
37,Jennifer,Carter,Male,1982-03-25,2025-01-08,5,Premium,Active,5.0,4452,2025-01-08T00:00:00
38,Christina,Allen,Male,1965-11-14,2024-10-17,4,Regular,Active,4.5,1247,2024-10-17T00:00:00
39,Jacob,Barnett,Male,1994-02-10,2024-12-20,6,Regular,Active,4.2,1573,2024-12-20T00:00:00
40,Theresa,Jones,Male,2001-05-22,2024-11-11,8,Regular,Active,4.7,2741,2024-11-11T00:00:00
41,Amy,Hartman,Other,2001-07-25,2024-03-26,7,Regular,Suspended,5.0,3227,2024-03-26T00:00:00
42,Angela,Myers,Male,2000-04-23,2025-05-06,2,Premium,Active,4.3,442,2025-05-06T00:00:00
43,Bradley,Hughes,Female,1997-10-04,2024-09-14,4,Premium,Active,4.8,2411,2024-09-14T00:00:00
44,Jon,Smith,Female,1991-03-03,2024-07-19,9,Regular,Inactive,4.4,4839,2024-07-19T00:00:00
45,Michael,Quinn,Male,1970-05-13,2024-04-10,3,Part-Time,Active,4.8,274,2024-04-10T00:00:00
46,Kelsey,Moss,Male,1972-10-26,2025-07-27,1,Regular,Active,4.9,2773,2025-07-27T00:00:00
47,Dennis,Bell,Female,1988-05-23,2024-03-22,5,Regular,Active,4.7,3370,2024-03-22T00:00:00
48,Lisa,Thompson,Female,1988-10-20,2024-09-02,10,Full-Time,Active,4.7,4723,2024-09-02T00:00:00
49,Tina,Mendoza,Male,1997-05-20,2025-03-23,2,Part-Time,Active,4.3,404,2025-03-23T00:00:00
50,Lisa,Brown,Male,1978-03-03,2025-10-24,3,Regular,Inactive,4.3,3319,2025-10-24T00:00:00
51,Benjamin,Harris,Female,1996-11-28,2024-03-25,2,Full-Time,Suspended,4.5,7475,2024-03-25T00:00:00
52,Nina,Stewart,Male,1979-05-04,2024-05-06,6,Premium,Active,4.3,739,2024-05-06T00:00:00
53,Zachary,Hays,Male,1986-11-12,2024-01-08,10,Regular,Inactive,4.4,3279,2024-01-08T00:00:00
54,Thomas,Johnson,Male,2002-09-20,2025-05-13,2,Regular,Active,4.8,2960,2025-05-13T00:00:00
55,Justin,Atkins,Female,1978-10-08,2025-01-20,2,Regular,Active,4.4,1268,2025-01-20T00:00:00
56,Michelle,Rivera,Female,1969-01-07,2025-09-19,8,Full-Time,Active,4.4,2134,2025-09-19T00:00:00
57,Lauren,Kim,Male,1974-03-27,2024-04-27,8,Regular,Active,4.9,3068,2024-04-27T00:00:00
58,Julia,Kline,Female,1992-12-26,2024-06-10,7,Regular,Active,4.6,1028,2024-06-10T00:00:00
59,Matthew,Lopez,Female,1992-01-29,2025-09-14,5,Part-Time,Active,4.6,122,2025-09-14T00:00:00
60,Michael,Salinas,Female,1999-08-16,2024-03-30,5,Premium,Active,4.8,1050,2024-03-30T00:00:00
61,Laurie,Acosta,Male,1983-12-01,2024-06-13,4,Full-Time,Active,4.4,4924,2024-06-13T00:00:00
62,Ryan,Carney,Female,1971-02-19,2024-02-23,6,Full-Time,Active,4.5,6215,2024-02-23T00:00:00
63,Amy,Morris,Male,1978-01-17,2024-07-05,4,Full-Time,Inactive,4.3,2946,2024-07-05T00:00:00
64,Mark,Phillips,Male,1971-03-20,2024-09-20,4,Full-Time,Active,4.3,2856,2024-09-20T00:00:00
65,Carrie,Simmons,Male,1996-02-10,2024-06-28,4,Full-Time,Active,4.5,6424,2024-06-28T00:00:00
66,Michael,Williams,Male,1995-12-22,2024-06-19,7,Regular,Suspended,4.4,3587,2024-06-19T00:00:00
67,Christina,Graham,Male,1989-10-03,2024-07-21,8,Full-Time,Active,4.4,5547,2024-07-21T00:00:00
68,Charles,Walsh,Female,1969-09-01,2024-09-18,8,Premium,Active,4.5,3747,2024-09-18T00:00:00
69,William,Brady,Female,1990-06-28,2024-06-15,9,Full-Time,Active,4.5,6371,2024-06-15T00:00:00
70,Stephanie,Thomas,Female,1976-08-26,2024-11-28,9,Full-Time,Active,4.9,2524,2024-11-28T00:00:00
71,Austin,Jones,Male,1995-08-01,2024-10-23,5,Regular,Inactive,5.0,355,2024-10-23T00:00:00
72,Michael,Herring,Female,1990-09-11,2025-03-12,10,Full-Time,Active,4.5,4484,2025-03-12T00:00:00
73,Cassie,Shelton,Female,1967-12-20,2024-12-27,7,Full-Time,Inactive,4.4,553,2024-12-27T00:00:00
74,Nathan,Hines,Female,1991-01-04,2025-06-02,9,Regular,Active,4.5,1336,2025-06-02T00:00:00
75,Devin,Richardson,Female,2004-10-26,2025-05-25,4,Part-Time,Active,4.4,842,2025-05-25T00:00:00
76,Debra,Wright,Male,1987-02-28,2025-08-10,5,Premium,Inactive,4.2,645,2025-08-10T00:00:00
77,Anthony,Lopez,Male,1973-06-26,2024-06-26,10,Part-Time,Active,4.4,1410,2024-06-26T00:00:00
78,Paul,Hoffman,Female,2000-12-30,2024-02-06,4,Full-Time,Active,4.7,4847,2024-02-06T00:00:00
79,Kimberly,Padilla,Female,1983-07-31,2024-10-21,6,Premium,Active,4.5,933,2024-10-21T00:00:00
80,Wendy,Mitchell,Male,1980-05-14,2025-03-16,10,Part-Time,Active,4.3,1026,2025-03-16T00:00:00
81,James,Taylor,Male,1999-03-11,2024-07-02,5,Regular,Active,4.8,3954,2024-07-02T00:00:00
82,Shannon,Roach,Male,1970-10-21,2025-04-03,10,Part-Time,Active,4.4,1112,2025-04-03T00:00:00
83,Wendy,Cochran,Female,1996-01-21,2024-06-06,6,Regular,Active,4.8,4505,2024-06-06T00:00:00
84,Elizabeth,Mckinney,Male,1987-07-07,2025-07-19,4,Regular,Active,4.6,80,2025-07-19T00:00:00
85,Amber,Vance,Female,2003-03-12,2024-11-08,1,Regular,Inactive,4.6,4980,2024-11-08T00:00:00
86,Jennifer,Ho,Male,1976-06-25,2025-04-22,9,Full-Time,Active,4.5,4988,2025-04-22T00:00:00
87,Laura,Hicks,Female,1977-08-12,2024-03-24,1,Regular,Active,4.6,4261,2024-03-24T00:00:00
88,Tracie,Conner,Female,1974-01-09,2024-11-08,1,Premium,Suspended,4.6,1560,2024-11-08T00:00:00
89,Kristy,Johnson,Female,1981-11-16,2025-02-07,3,Full-Time,Active,4.4,1074,2025-02-07T00:00:00
90,Ashley,Mcdonald,Male,2003-06-20,2025-10-24,2,Full-Time,Active,4.7,5585,2025-10-24T00:00:00
91,David,Henson,Male,2003-04-22,2025-08-04,9,Part-Time,Active,4.6,1408,2025-08-04T00:00:00
92,Kyle,Key,Female,1970-03-29,2024-11-25,8,Regular,Active,4.9,4696,2024-11-25T00:00:00
93,Alicia,Hammond,Female,1998-05-04,2024-04-06,5,Regular,Active,4.5,716,2024-04-06T00:00:00
94,Charles,Compton,Male,2004-11-20,2025-04-14,6,Full-Time,Active,4.7,1205,2025-04-14T00:00:00
95,Shannon,Frazier,Female,1970-10-24,2025-09-17,9,Full-Time,Inactive,4.4,5370,2025-09-17T00:00:00
96,David,Calderon,Male,1989-03-17,2024-10-06,1,Regular,Active,4.4,4905,2024-10-06T00:00:00
97,Danielle,White,Male,2003-04-13,2024-04-26,8,Full-Time,Active,4.5,6893,2024-04-26T00:00:00
98,Ryan,Bartlett,Female,1974-07-19,2025-02-13,1,Regular,Active,4.6,64,2025-02-13T00:00:00
99,Marie,Holmes,Male,1969-07-15,2025-05-24,3,Full-Time,Active,4.6,5578,2025-05-24T00:00:00
100,Fred,Morris,Male,1986-06-18,2025-03-10,6,Part-Time,Active,5.0,801,2025-03-10T00:00:00
