vehicle_id,driver_id,vehicle_type,make,model,model_year,city_id,fuel_type,capacity,status
1,1,Van,Toyota,Hiace,2017,5,Petrol,8,Active
2,2,Sedan,Honda,Civic,2023,6,Electric,4,Active
3,3,Economy,Suzuki,Cultus,2021,8,Hybrid,4,Active
4,4,Sedan,Hyundai,Elantra,2025,1,Petrol,4,Active
5,5,Bike,Yamaha,YBR,2018,7,Petrol,1,Active
6,6,Premium,BMW,3 Series,2024,5,Petrol,4,Active
7,6,SUV,Honda,BR-V,2018,5,Electric,6,Maintenance
8,7,Sedan,Toyota,Corolla,2021,4,Hybrid,4,Active
9,8,Sedan,Hyundai,Elantra,2025,8,Petrol,4,Active
10,9,Economy,Suzuki,Cultus,2016,1,Petrol,4,Active
11,9,Sedan,Toyota,Corolla,2015,1,Petrol,4,Active
12,10,SUV,Toyota,Fortuner,2021,3,Diesel,6,Active
13,11,SUV,Honda,BR-V,2024,3,Petrol,6,Active
14,12,Economy,Toyota,Vitz,2024,2,Petrol,4,Active
15,13,Bike,Suzuki,GD110,2020,6,Petrol,1,Active
16,13,Van,Suzuki,Every,2020,6,Electric,8,Active
17,14,Bike,Yamaha,YBR,2024,10,Petrol,1,Active
18,15,Bike,Honda,CG125,2023,2,Petrol,1,Active
19,16,Premium,Audi,A4,2016,3,Petrol,4,Active
20,17,Van,Hyundai,H1,2022,6,Petrol,8,Active
21,18,Economy,Suzuki,Cultus,2021,6,Petrol,4,Active
22,19,Economy,Honda,City,2019,7,Hybrid,4,Active
23,20,Sedan,Toyota,Corolla,2016,3,Hybrid,4,Active
24,21,Bike,Yamaha,YBR,2024,5,Petrol,1,Active
25,22,Economy,Suzuki,Cultus,2025,3,Diesel,4,Active
26,23,Economy,Toyota,Vitz,2018,9,Petrol,4,Active
27,24,SUV,Honda,BR-V,2019,9,Diesel,6,Active
28,25,Bike,Honda,CG125,2015,5,Petrol,1,Active
29,26,Bike,Honda,CG125,2020,8,Petrol,1,Maintenance
30,27,Premium,BMW,3 Series,2022,5,Electric,4,Active
31,28,Sedan,Honda,Civic,2020,8,Electric,4,Active
32,29,Sedan,Honda,Civic,2022,1,Electric,4,Active
33,30,Bike,Honda,CG125,2015,3,Petrol,1,Active
34,31,SUV,Kia,Sportage,2020,7,Petrol,6,Inactive
35,31,SUV,Kia,Sportage,2019,7,Petrol,6,Active
36,32,Sedan,Toyota,Corolla,2020,8,Petrol,4,Active
37,33,Economy,Toyota,Vitz,2015,1,Diesel,4,Active
38,34,Premium,Audi,A4,2018,4,Petrol,4,Active
39,35,Sedan,Honda,Civic,2024,5,Petrol,4,Inactive
40,36,Sedan,Hyundai,Elantra,2024,7,Diesel,4,Active
41,37,Premium,Audi,A4,2019,5,Petrol,4,Active
42,37,Premium,Mercedes,C-Class,2024,5,Petrol,4,Inactive
43,38,Sedan,Honda,Civic,2017,4,Hybrid,4,Active
44,39,Sedan,Toyota,Corolla,2015,6,Petrol,4,Maintenance
45,40,Van,Toyota,Hiace,2015,8,Electric,8,Active
46,41,SUV,Toyota,Fortuner,2019,7,Petrol,6,Active
47,42,Premium,Mercedes,C-Class,2023,2,Petrol,4,Active
48,43,Premium,Audi,A4,2022,4,Diesel,4,Active
49,44,Van,Suzuki,Every,2018,9,Diesel,8,Active
50,45,Sedan,Honda,Civic,2017,3,Diesel,4,Active
51,46,Economy,Honda,City,2018,1,Petrol,4,Active
52,47,Sedan,Honda,Civic,2021,5,Petrol,4,Active
53,48,Economy,Honda,City,2024,10,Electric,4,Active
54,49,Sedan,Honda,Civic,2015,2,Hybrid,4,Active
55,49,SUV,Honda,BR-V,2020,2,Diesel,6,Maintenance
56,50,Van,Toyota,Hiace,2019,3,Electric,8,Active
57,51,Economy,Honda,City,2023,2,Petrol,4,Active
58,52,Premium,Audi,A4,2025,6,Petrol,4,Active
59,53,SUV,Honda,BR-V,2020,10,Petrol,6,Active
60,54,Economy,Suzuki,Cultus,2018,2,Hybrid,4,Active
61,55,Economy,Honda,City,2018,2,Petrol,4,Active
62,56,Economy,Honda,City,2022,8,Petrol,4,Active
63,57,Bike,Yamaha,YBR,2020,8,Petrol,1,Active
64,58,Sedan,Hyundai,Elantra,2015,7,Petrol,4,Active
65,59,Sedan,Hyundai,Elantra,2020,5,Petrol,4,Active
66,60,Sedan,Hyundai,Elantra,2023,5,Hybrid,4,Active
67,61,Economy,Honda,City,2025,4,Hybrid,4,Active
68,62,Economy,Suzuki,Cultus,2016,6,Petrol,4,Active
69,63,Bike,Suzuki,GD110,2021,4,Petrol,1,Active
70,64,Premium,Audi,A4,2025,4,Hybrid,4,Active
71,65,Economy,Toyota,Vitz,2015,4,Hybrid,4,Active
72,66,Bike,Honda,CG125,2021,7,Petrol,1,Inactive
73,66,Van,Hyundai,H1,2022,7,Petrol,8,Active
74,67,Economy,Suzuki,Cultus,2023,8,Electric,4,Active
75,68,Premium,Mercedes,C-Class,2019,8,Diesel,4,Active
76,69,Sedan,Toyota,Corolla,2019,9,Diesel,4,Active
77,70,Van,Suzuki,Every,2017,9,Diesel,8,Active
78,71,Sedan,Toyota,Corolla,2023,5,Diesel,4,Active
79,72,Economy,Honda,City,2023,10,Petrol,4,Active
80,73,Sedan,Hyundai,Elantra,2021,7,Petrol,4,Active
81,74,Sedan,Hyundai,Elantra,2022,9,Petrol,4,Active
82,75,Bike,Honda,CG125,2018,4,Petrol,1,Active
83,76,Premium,BMW,3 Series,2025,5,Petrol,4,Active
84,77,Bike,Honda,CG125,2024,10,Petrol,1,Inactive
85,78,Economy,Toyota,Vitz,2020,4,Electric,4,Active
86,78,Economy,Honda,City,2018,4,Petrol,4,Active
87,79,Premium,Mercedes,C-Class,2023,6,Diesel,4,Active
88,80,Premium,Mercedes,C-Class,2025,10,Petrol,4,Active
89,81,SUV,Honda,BR-V,2025,5,Petrol,6,Active
90,81,Economy,Toyota,Vitz,2021,5,Petrol,4,Maintenance
91,82,Economy,Toyota,Vitz,2017,10,Petrol,4,Active
92,83,SUV,Honda,BR-V,2018,6,Petrol,6,Active
93,84,Economy,Suzuki,Cultus,2015,4,Electric,4,Active
94,84,Sedan,Toyota,Corolla,2015,4,Petrol,4,Active
95,85,Economy,Suzuki,Cultus,2022,1,Hybrid,4,Active
96,86,SUV,Kia,Sportage,2024,9,Electric,6,Active
97,87,Van,Hyundai,H1,2016,1,Petrol,8,Active
98,88,Sedan,Honda,Civic,2024,1,Hybrid,4,Active
99,89,SUV,Kia,Sportage,2017,3,Electric,6,Active
100,90,Economy,Honda,City,2017,2,Electric,4,Active
101,91,Economy,Suzuki,Cultus,2020,9,Petrol,4,Inactive
102,92,Bike,Honda,CG125,2017,8,Petrol,1,Inactive
103,93,Economy,Suzuki,Cultus,2023,5,Petrol,4,Active
104,94,Economy,Toyota,Vitz,2020,6,Petrol,4,Active
105,95,Economy,Suzuki,Cultus,2020,9,Electric,4,Active
106,96,Bike,Honda,CG125,2024,1,Petrol,1,Active
107,97,Sedan,Honda,Civic,2019,8,Electric,4,Active
108,98,SUV,Kia,Sportage,2020,1,Petrol,6,Active
109,99,Van,Hyundai,H1,2020,3,Petrol,8,Inactive
110,100,Economy,Honda,City,2022,6,Petrol,4,Maintenance
