zone_id,city_id,zone_name,zone_type,latitude_center,longitude_center,demand_index
1,1,Lahore Residential 1,Residential,31.481639,74.486729,1.17
2,1,Lahore Commercial 2,Commercial,31.617228,74.341724,0.67
3,1,Lahore Airport 3,Airport,31.536775,74.227845,1.39
4,1,Lahore University 4,University,31.559899,74.436126,0.83
5,1,Lahore Business District 5,Business District,31.661609,74.476636,1.33
6,2,Karachi Residential 1,Residential,24.769092,66.991116,0.45
7,2,Karachi Commercial 2,Commercial,24.756987,67.056015,1.29
8,2,Karachi Airport 3,Airport,25.000953,66.948848,0.84
9,2,Karachi University 4,University,24.851567,66.907941,0.56
10,2,Karachi Business District 5,Business District,24.853411,66.919173,1.2
11,3,Islamabad Residential 1,Residential,33.665546,73.147703,1.24
12,3,Islamabad Commercial 2,Commercial,33.62811,73.147578,1.37
13,3,Islamabad Airport 3,Airport,33.650644,72.984398,1.22
14,3,Islamabad University 4,University,33.576326,72.957872,0.41
15,3,Islamabad Business District 5,Business District,33.770477,73.097355,1.25
16,4,Rawalpindi Residential 1,Residential,33.649319,73.004575,1.08
17,4,Rawalpindi Commercial 2,Commercial,33.457039,72.901259,1.2
18,4,Rawalpindi Airport 3,Airport,33.556429,73.036471,1.32
19,4,Rawalpindi University 4,University,33.605515,73.032974,1.07
20,4,Rawalpindi Business District 5,Business District,33.506285,72.876145,0.92
21,5,Faisalabad Residential 1,Residential,31.364775,73.107559,1.42
22,5,Faisalabad Commercial 2,Commercial,31.370582,73.002491,0.74
23,5,Faisalabad Airport 3,Airport,31.388478,73.183575,1.07
24,5,Faisalabad University 4,University,31.535569,73.184294,0.89
25,5,Faisalabad Business District 5,Business District,31.544606,73.035092,0.43
26,6,Multan Residential 1,Residential,30.034514,71.591608,0.95
27,6,Multan Commercial 2,Commercial,30.055882,71.525213,0.58
28,6,Multan Airport 3,Airport,30.216396,71.508747,0.86
29,6,Multan University 4,University,30.097954,71.563985,0.83
30,6,Multan Business District 5,Business District,30.033795,71.410302,1.55
31,7,Peshawar Residential 1,Residential,34.137674,71.584812,0.72
32,7,Peshawar Commercial 2,Commercial,34.155853,71.608525,1.26
33,7,Peshawar Airport 3,Airport,33.999908,71.456572,0.52
34,7,Peshawar University 4,University,34.135881,71.511633,0.64
35,7,Peshawar Business District 5,Business District,33.956887,71.548666,0.61
36,8,Gujranwala Residential 1,Residential,32.294684,74.272056,1.26
37,8,Gujranwala Commercial 2,Commercial,32.167328,74.232693,1.1
38,8,Gujranwala Airport 3,Airport,32.232654,74.069833,0.9
39,8,Gujranwala University 4,University,32.050184,74.192697,0.8
40,8,Gujranwala Business District 5,Business District,32.081057,74.075521,1.11
41,9,Sialkot Residential 1,Residential,32.395678,74.650436,1.1
42,9,Sialkot Commercial 2,Commercial,32.448561,74.550175,0.43
43,9,Sialkot Airport 3,Airport,32.632068,74.517591,1.34
44,9,Sialkot University 4,University,32.369319,74.518897,0.99
45,9,Sialkot Business District 5,Business District,32.625848,74.544418,0.97
46,10,Quetta Residential 1,Residential,30.109893,66.924471,1.02
47,10,Quetta Commercial 2,Commercial,30.161473,66.831484,1.39
48,10,Quetta Airport 3,Airport,30.298648,66.867075,1.06
49,10,Quetta University 4,University,30.062373,67.026672,0.74
50,10,Quetta Business District 5,Business District,30.227627,67.043098,1.32
